,Name,Age,Salary,Gender,Department,Position,Joining Date,Performance Score,Email,Phone Number
0,grace,25.0,50000.0,Male,HR,Manager,2018-04-05,3,email@example.com,
1,david,,65000.0,Female,Finance,Director,2020-02-20,4,user@domain.com,123-456-7890
2,hannah,35.0,60000.0,Female,Sales,Director,2020-01-15,2,email@example.com,098-765-4321
3,eve,,50000.0,Female,IT,Manager,2018-04-05,0,name@company.org,
4,grace,,,Female,Finance,Manager,2020-01-15,4,name@company.org,098-765-4321
5,jack,,65000.0,Other,Marketing,Director,2019-03-25,4,user@domain.com,
6,charlie,,50000.0,Male,Marketing,Clerk,2019-12-01,1,,123-456-7890
7,grace,40.0,50000.0,Other,HR,Director,2019-03-25,2,,
8,hannah,40.0,60000.0,Female,Marketing,Manager,2020-01-15,2,user@domain.com,123-456-7890
9,eve,30.0,,Other,Finance,Assistant,2020-02-20,0,,
10,david,25.0,70000.0,Male,Marketing,Analyst,2019-12-01,1,,123-456-7890
11,hannah,,70000.0,Other,Finance,Assistant,2019-03-25,0,,
12,hannah,30.0,50000.0,Male,IT,Assistant,2018-04-05,3,,
13,charlie,25.0,55000.0,Other,HR,Manager,2020-02-20,4,,555-555-5555
14,frank,50.0,,Male,Marketing,Director,2019-03-25,0,,123-456-7890
15,eve,35.0,65000.0,Male,Finance,Clerk,2018-04-05,4,,123-456-7890
16,bob,40.0,55000.0,Female,Sales,Assistant,2020-01-15,1,,098-765-4321
17,hannah,50.0,55000.0,Male,HR,Director,2018-04-05,3,user@domain.com,
18,frank,25.0,,Female,IT,Clerk,2019-03-25,1,email@example.com,555-555-5555
19,bob,50.0,50000.0,Female,Finance,Assistant,2019-03-25,3,user@domain.com,
20,eve,35.0,50000.0,Female,IT,Clerk,2020-01-15,3,email@example.com,098-765-4321
21,alice,25.0,50000.0,Other,IT,Director,2018-04-05,4,user@domain.com,555-555-5555
22,jack,50.0,50000.0,Other,Marketing,Analyst,2018-04-05,1,email@example.com,
23,frank,40.0,70000.0,Other,Marketing,Director,2020-01-15,1,email@example.com,555-555-5555
24,ivy,40.0,50000.0,Other,Finance,Manager,2018-04-05,0,name@company.org,123-456-7890
25,alice,30.0,70000.0,Male,Sales,Clerk,2020-01-15,1,email@example.com,123-456-7890
26,jack,50.0,70000.0,Male,Finance,Analyst,2020-02-20,0,email@example.com,098-765-4321
27,charlie,,50000.0,Other,Sales,Clerk,2019-03-25,2,name@company.org,
28,grace,50.0,60000.0,Male,IT,Clerk,2020-02-20,2,,
29,david,25.0,65000.0,Male,HR,Assistant,2019-12-01,2,,555-555-5555
30,ivy,25.0,55000.0,Female,Finance,Manager,2019-12-01,1,name@company.org,098-765-4321
31,charlie,50.0,70000.0,Female,Finance,Clerk,2019-12-01,1,,
32,eve,35.0,,Female,Sales,Director,2020-01-15,0,email@example.com,123-456-7890
33,charlie,40.0,,Female,IT,Director,2018-04-05,3,email@example.com,555-555-5555
34,grace,25.0,65000.0,Male,IT,Assistant,2020-02-20,0,name@company.org,
35,eve,40.0,,Other,Sales,Manager,2020-02-20,2,name@company.org,123-456-7890
36,ivy,25.0,60000.0,Male,IT,Manager,2020-02-20,0,,098-765-4321
37,grace,30.0,,Male,Marketing,Director,2020-02-20,3,,
38,bob,,55000.0,Male,HR,Analyst,2019-12-01,1,user@domain.com,123-456-7890
39,david,25.0,55000.0,Female,Finance,Assistant,2020-02-20,0,,
40,ivy,40.0,70000.0,Female,HR,Assistant,2018-04-05,2,email@example.com,
41,bob,30.0,50000.0,Female,Finance,Director,2019-12-01,2,name@company.org,098-765-4321
42,jack,25.0,60000.0,Other,Marketing,Director,2020-02-20,1,,123-456-7890
43,ivy,35.0,70000.0,Male,IT,Analyst,2020-01-15,0,,555-555-5555
44,jack,,60000.0,Other,Sales,Analyst,2019-03-25,3,,123-456-7890
45,eve,25.0,50000.0,Female,Marketing,Manager,2019-03-25,1,,
46,bob,30.0,,Other,HR,Assistant,2019-03-25,0,email@example.com,098-765-4321
47,david,35.0,,Male,Sales,Assistant,2019-12-01,4,user@domain.com,098-765-4321
48,grace,50.0,50000.0,Male,IT,Director,2020-02-20,2,,555-555-5555
49,hannah,30.0,70000.0,Female,Marketing,Manager,2019-12-01,3,,098-765-4321
50,charlie,30.0,50000.0,Female,Sales,Assistant,2018-04-05,3,user@domain.com,098-765-4321
51,alice,35.0,65000.0,Other,Marketing,Manager,2020-01-15,3,,098-765-4321
52,david,30.0,55000.0,Female,Marketing,Manager,2020-01-15,2,,098-765-4321
53,bob,35.0,70000.0,Female,IT,Director,2019-03-25,0,,098-765-4321
54,hannah,25.0,60000.0,Male,Finance,Manager,2019-03-25,1,,
55,david,35.0,65000.0,Female,Sales,Analyst,2019-03-25,0,user@domain.com,123-456-7890
56,bob,35.0,70000.0,Female,IT,Analyst,2020-02-20,1,email@example.com,
57,frank,,50000.0,Male,Marketing,Clerk,2018-04-05,3,,098-765-4321
58,frank,35.0,50000.0,Male,IT,Director,2018-04-05,0,email@example.com,
59,jack,35.0,50000.0,Other,Finance,Clerk,2018-04-05,3,user@domain.com,
60,david,50.0,50000.0,Female,Sales,Analyst,2018-04-05,4,user@domain.com,
61,frank,25.0,60000.0,Male,Finance,Clerk,2019-03-25,3,,098-765-4321
62,bob,,65000.0,Other,HR,Director,2020-01-15,3,,
63,jack,50.0,,Other,Sales,Director,2019-03-25,1,name@company.org,098-765-4321
64,bob,40.0,55000.0,Female,Finance,Manager,2018-04-05,4,user@domain.com,555-555-5555
65,jack,25.0,60000.0,Female,Marketing,Assistant,2019-03-25,3,,555-555-5555
66,david,25.0,60000.0,Other,Sales,Manager,2018-04-05,3,email@example.com,555-555-5555
67,hannah,40.0,,Male,Sales,Director,2019-12-01,4,,
68,grace,35.0,,Other,IT,Analyst,2020-01-15,4,email@example.com,555-555-5555
69,ivy,50.0,55000.0,Female,Marketing,Analyst,2019-12-01,0,user@domain.com,
70,hannah,30.0,55000.0,Male,HR,Manager,2020-02-20,1,user@domain.com,
71,eve,,,Male,Finance,Director,2019-03-25,4,email@example.com,
72,bob,30.0,50000.0,Other,IT,Analyst,2020-02-20,4,user@domain.com,098-765-4321
73,eve,40.0,60000.0,Female,Finance,Director,2019-03-25,2,,123-456-7890
74,hannah,25.0,70000.0,Other,HR,Analyst,2019-12-01,4,user@domain.com,098-765-4321
75,jack,25.0,55000.0,Other,HR,Director,2018-04-05,1,,098-765-4321
76,ivy,,55000.0,Other,Sales,Clerk,2018-04-05,3,,098-765-4321
77,ivy,25.0,,Male,HR,Director,2019-03-25,3,name@company.org,098-765-4321
78,alice,25.0,65000.0,Male,Finance,Director,2018-04-05,3,user@domain.com,123-456-7890
79,ivy,,70000.0,Female,Marketing,Manager,2019-12-01,3,user@domain.com,555-555-5555
80,grace,50.0,70000.0,Female,Marketing,Clerk,2018-04-05,2,,098-765-4321
81,ivy,50.0,55000.0,Other,Sales,Assistant,2019-12-01,4,,
82,hannah,,50000.0,Other,Finance,Manager,2020-02-20,3,email@example.com,
83,alice,40.0,65000.0,Other,Finance,Assistant,2019-12-01,0,email@example.com,
84,hannah,25.0,70000.0,Female,HR,Analyst,2020-01-15,3,email@example.com,
85,hannah,25.0,55000.0,Male,Finance,Assistant,2020-01-15,4,,098-765-4321
86,charlie,40.0,70000.0,Male,IT,Director,2020-01-15,3,email@example.com,123-456-7890
87,alice,50.0,65000.0,Other,HR,Assistant,2019-03-25,2,email@example.com,555-555-5555
88,hannah,35.0,65000.0,Other,IT,Manager,2019-03-25,1,name@company.org,
89,charlie,35.0,60000.0,Other,Sales,Manager,2019-03-25,1,email@example.com,555-555-5555
90,charlie,35.0,,Other,Marketing,Assistant,2019-12-01,4,user@domain.com,123-456-7890
91,alice,50.0,,Female,Sales,Manager,2019-03-25,1,,
92,eve,50.0,55000.0,Male,Marketing,Manager,2020-02-20,1,,555-555-5555
93,jack,40.0,65000.0,Other,Sales,Assistant,2020-01-15,0,name@company.org,123-456-7890
94,grace,25.0,60000.0,Female,Finance,Clerk,2019-12-01,4,,555-555-5555
95,jack,40.0,60000.0,Other,IT,Clerk,2020-01-15,4,,098-765-4321
96,ivy,40.0,70000.0,Other,Marketing,Analyst,2019-03-25,1,user@domain.com,123-456-7890
97,grace,50.0,70000.0,Male,HR,Manager,2019-12-01,1,email@example.com,555-555-5555
98,ivy,35.0,60000.0,Other,IT,Assistant,2018-04-05,1,user@domain.com,098-765-4321
99,hannah,30.0,70000.0,Male,HR,Manager,2020-02-20,2,email@example.com,098-765-4321
100,bob,25.0,65000.0,Male,IT,Director,2019-03-25,3,email@example.com,123-456-7890
101,alice,50.0,50000.0,Male,IT,Manager,2019-03-25,2,,
102,grace,35.0,65000.0,Female,Sales,Manager,2020-02-20,4,email@example.com,
103,grace,30.0,60000.0,Female,Marketing,Clerk,2020-02-20,0,name@company.org,123-456-7890
104,hannah,30.0,60000.0,Male,Marketing,Assistant,2018-04-05,3,name@company.org,098-765-4321
105,eve,50.0,65000.0,Other,IT,Manager,2019-03-25,0,name@company.org,098-765-4321
106,charlie,,70000.0,Male,Finance,Clerk,2019-03-25,4,,123-456-7890
107,hannah,25.0,70000.0,Other,Finance,Analyst,2020-01-15,4,user@domain.com,
108,frank,30.0,,Male,HR,Clerk,2019-12-01,0,,
109,charlie,50.0,60000.0,Other,HR,Clerk,2019-12-01,0,email@example.com,555-555-5555
110,alice,50.0,55000.0,Female,Sales,Clerk,2020-01-15,0,,123-456-7890
111,charlie,35.0,,Other,IT,Manager,2019-12-01,4,user@domain.com,
112,eve,,70000.0,Male,HR,Manager,2020-02-20,1,user@domain.com,
113,charlie,25.0,65000.0,Female,HR,Analyst,2019-12-01,0,,098-765-4321
114,alice,40.0,70000.0,Other,IT,Director,2019-12-01,3,name@company.org,555-555-5555
115,eve,35.0,65000.0,Other,Sales,Director,2020-01-15,4,name@company.org,123-456-7890
116,jack,30.0,,Other,HR,Director,2018-04-05,2,user@domain.com,098-765-4321
117,grace,30.0,60000.0,Other,Sales,Analyst,2019-12-01,2,,098-765-4321
118,grace,35.0,70000.0,Other,Marketing,Director,2019-12-01,3,,
119,ivy,50.0,65000.0,Female,Sales,Director,2018-04-05,1,email@example.com,
120,jack,30.0,60000.0,Female,Finance,Clerk,2020-01-15,0,name@company.org,123-456-7890
121,jack,,55000.0,Female,Finance,Manager,2018-04-05,4,user@domain.com,123-456-7890
122,charlie,25.0,65000.0,Female,Sales,Manager,2020-01-15,0,,123-456-7890
123,grace,,,Male,Finance,Clerk,2020-02-20,4,name@company.org,098-765-4321
124,alice,30.0,55000.0,Female,Marketing,Clerk,2020-01-15,2,email@example.com,
125,david,40.0,55000.0,Other,IT,Clerk,2020-02-20,0,,555-555-5555
126,david,25.0,50000.0,Other,Finance,Manager,2020-02-20,3,user@domain.com,098-765-4321
127,eve,25.0,70000.0,Female,Finance,Director,2020-01-15,1,name@company.org,555-555-5555
128,grace,35.0,65000.0,Other,Sales,Clerk,2019-03-25,3,,
129,grace,35.0,55000.0,Female,Marketing,Analyst,2020-01-15,1,email@example.com,
130,david,40.0,50000.0,Other,IT,Clerk,2019-12-01,0,email@example.com,123-456-7890
131,grace,50.0,,Male,Sales,Assistant,2019-12-01,0,name@company.org,555-555-5555
132,charlie,25.0,60000.0,Male,Sales,Clerk,2019-03-25,1,,098-765-4321
133,frank,40.0,65000.0,Female,Marketing,Manager,2020-02-20,2,email@example.com,555-555-5555
134,bob,35.0,55000.0,Female,IT,Clerk,2019-03-25,4,user@domain.com,
135,jack,35.0,70000.0,Female,Marketing,Assistant,2019-12-01,3,email@example.com,123-456-7890
136,ivy,25.0,50000.0,Other,IT,Analyst,2019-03-25,3,,555-555-5555
137,eve,,55000.0,Female,Marketing,Director,2020-01-15,3,,
138,frank,30.0,70000.0,Male,Sales,Clerk,2019-03-25,0,,098-765-4321
139,david,35.0,55000.0,Other,Sales,Assistant,2020-02-20,3,name@company.org,
140,jack,50.0,65000.0,Female,HR,Assistant,2020-01-15,4,,098-765-4321
141,grace,50.0,65000.0,Other,Finance,Analyst,2018-04-05,4,email@example.com,123-456-7890
142,ivy,35.0,65000.0,Other,Marketing,Manager,2019-12-01,1,email@example.com,098-765-4321
143,grace,,,Female,HR,Clerk,2019-12-01,0,,098-765-4321
144,alice,,,Other,Finance,Assistant,2019-03-25,4,,098-765-4321
145,alice,40.0,50000.0,Male,Marketing,Analyst,2020-01-15,2,user@domain.com,098-765-4321
146,ivy,50.0,65000.0,Male,IT,Director,2018-04-05,0,,123-456-7890
147,ivy,40.0,70000.0,Other,Finance,Assistant,2020-01-15,0,user@domain.com,
148,david,50.0,55000.0,Female,Sales,Analyst,2019-12-01,4,email@example.com,555-555-5555
149,ivy,30.0,60000.0,Other,HR,Manager,2020-01-15,2,user@domain.com,
150,charlie,30.0,70000.0,Male,Finance,Manager,2018-04-05,1,user@domain.com,555-555-5555
151,grace,25.0,,Other,Finance,Assistant,2019-03-25,4,name@company.org,555-555-5555
152,frank,40.0,,Other,Sales,Assistant,2020-02-20,2,,
153,hannah,35.0,70000.0,Male,Marketing,Clerk,2020-01-15,0,user@domain.com,123-456-7890
154,ivy,40.0,,Other,IT,Analyst,2020-02-20,2,email@example.com,
155,eve,35.0,65000.0,Other,Sales,Assistant,2019-12-01,0,,123-456-7890
156,alice,,50000.0,Female,IT,Clerk,2019-03-25,4,user@domain.com,555-555-5555
157,charlie,40.0,55000.0,Female,Marketing,Clerk,2019-03-25,4,,123-456-7890
158,jack,,50000.0,Male,Finance,Assistant,2020-01-15,3,name@company.org,
159,hannah,30.0,55000.0,Male,IT,Manager,2019-03-25,3,email@example.com,
160,frank,30.0,55000.0,Male,HR,Analyst,2020-01-15,3,name@company.org,
161,hannah,25.0,50000.0,Female,HR,Analyst,2020-01-15,4,,555-555-5555
162,ivy,40.0,70000.0,Male,Sales,Manager,2020-02-20,1,user@domain.com,
163,david,,55000.0,Male,Marketing,Assistant,2019-03-25,4,user@domain.com,555-555-5555
164,alice,35.0,50000.0,Male,Sales,Analyst,2020-01-15,2,,
165,alice,30.0,55000.0,Female,Sales,Assistant,2020-02-20,4,user@domain.com,555-555-5555
166,jack,30.0,60000.0,Other,Sales,Assistant,2018-04-05,4,email@example.com,
167,david,35.0,70000.0,Male,HR,Clerk,2020-02-20,0,,
168,grace,,65000.0,Other,HR,Manager,2020-02-20,0,name@company.org,555-555-5555
169,bob,,55000.0,Male,Sales,Assistant,2020-01-15,0,,
170,charlie,40.0,60000.0,Other,HR,Director,2019-12-01,4,user@domain.com,
171,alice,40.0,65000.0,Female,Marketing,Manager,2019-12-01,1,name@company.org,555-555-5555
172,eve,50.0,65000.0,Female,Sales,Analyst,2019-12-01,2,,
173,alice,50.0,55000.0,Male,HR,Clerk,2020-02-20,2,,
174,hannah,25.0,50000.0,Other,IT,Analyst,2020-01-15,1,name@company.org,
175,alice,30.0,55000.0,Female,Sales,Analyst,2019-03-25,1,name@company.org,
176,alice,40.0,60000.0,Male,Sales,Manager,2020-02-20,2,name@company.org,
177,bob,,65000.0,Male,Marketing,Analyst,2020-02-20,3,email@example.com,555-555-5555
178,bob,35.0,55000.0,Female,Finance,Assistant,2020-01-15,0,,
179,frank,,50000.0,Female,Finance,Analyst,2018-04-05,0,name@company.org,
180,grace,30.0,55000.0,Male,Marketing,Clerk,2020-02-20,2,,123-456-7890
181,eve,50.0,70000.0,Other,Marketing,Clerk,2018-04-05,1,name@company.org,
182,alice,,50000.0,Other,Marketing,Director,2018-04-05,3,,
183,alice,25.0,60000.0,Other,Finance,Clerk,2019-12-01,2,,123-456-7890
184,charlie,30.0,65000.0,Male,Marketing,Analyst,2020-01-15,0,,
185,bob,50.0,55000.0,Female,HR,Clerk,2018-04-05,4,user@domain.com,098-765-4321
186,eve,35.0,50000.0,Male,Sales,Manager,2020-01-15,1,name@company.org,098-765-4321
187,jack,50.0,70000.0,Female,Sales,Clerk,2019-12-01,4,user@domain.com,
188,frank,25.0,50000.0,Other,IT,Assistant,2020-01-15,2,,
189,grace,30.0,,Other,IT,Manager,2020-02-20,0,user@domain.com,098-765-4321
190,david,35.0,70000.0,Female,Sales,Director,2018-04-05,3,,555-555-5555
191,grace,25.0,60000.0,Female,HR,Assistant,2020-01-15,4,,555-555-5555
192,hannah,50.0,65000.0,Male,Finance,Analyst,2019-03-25,3,,123-456-7890
193,alice,25.0,60000.0,Other,Finance,Analyst,2020-01-15,0,user@domain.com,
194,frank,30.0,55000.0,Male,HR,Analyst,2018-04-05,4,name@company.org,
195,hannah,40.0,50000.0,Male,Finance,Assistant,2019-12-01,3,user@domain.com,098-765-4321
196,eve,25.0,,Male,Marketing,Assistant,2019-12-01,3,name@company.org,
197,david,25.0,70000.0,Other,Sales,Assistant,2018-04-05,4,name@company.org,
198,bob,50.0,70000.0,Male,Sales,Manager,2020-02-20,0,,098-765-4321
199,frank,50.0,50000.0,Male,HR,Manager,2020-02-20,3,user@domain.com,098-765-4321
200,frank,35.0,,Male,Finance,Analyst,2019-12-01,2,name@company.org,
201,alice,50.0,50000.0,Male,IT,Clerk,2019-12-01,4,,098-765-4321
202,ivy,,55000.0,Male,IT,Analyst,2018-04-05,1,name@company.org,123-456-7890
203,frank,30.0,60000.0,Male,Finance,Director,2020-02-20,1,,123-456-7890
204,charlie,30.0,70000.0,Other,IT,Manager,2019-12-01,0,user@domain.com,
205,david,40.0,55000.0,Male,HR,Assistant,2020-02-20,2,user@domain.com,
206,david,40.0,60000.0,Female,HR,Manager,2019-12-01,3,user@domain.com,123-456-7890
207,charlie,30.0,55000.0,Male,Finance,Assistant,2020-01-15,1,name@company.org,123-456-7890
208,jack,40.0,,Male,IT,Director,2019-03-25,0,email@example.com,
209,charlie,35.0,70000.0,Other,HR,Director,2020-01-15,2,name@company.org,555-555-5555
210,charlie,50.0,50000.0,Other,HR,Manager,2019-12-01,2,name@company.org,098-765-4321
211,david,30.0,50000.0,Female,Marketing,Assistant,2019-03-25,0,,123-456-7890
212,grace,40.0,60000.0,Female,Marketing,Director,2019-03-25,0,,555-555-5555
213,david,30.0,65000.0,Other,HR,Analyst,2019-12-01,3,name@company.org,
214,ivy,,,Other,Finance,Analyst,2019-12-01,0,,555-555-5555
215,alice,25.0,60000.0,Male,Sales,Assistant,2020-02-20,3,,
216,hannah,50.0,65000.0,Other,Sales,Manager,2019-12-01,3,name@company.org,
217,grace,30.0,55000.0,Female,HR,Director,2018-04-05,4,email@example.com,
218,bob,25.0,,Male,HR,Manager,2019-12-01,2,,555-555-5555
219,hannah,40.0,55000.0,Female,HR,Analyst,2018-04-05,2,user@domain.com,
220,alice,25.0,70000.0,Male,Finance,Director,2019-12-01,2,name@company.org,123-456-7890
221,ivy,50.0,,Other,Marketing,Manager,2020-02-20,4,name@company.org,555-555-5555
222,ivy,30.0,65000.0,Female,HR,Clerk,2018-04-05,3,,123-456-7890
223,bob,,70000.0,Male,HR,Assistant,2020-01-15,3,,555-555-5555
224,grace,40.0,50000.0,Male,IT,Assistant,2018-04-05,0,,123-456-7890
225,jack,30.0,65000.0,Other,Finance,Clerk,2020-02-20,4,,555-555-5555
226,charlie,50.0,60000.0,Other,HR,Analyst,2018-04-05,0,user@domain.com,
227,grace,40.0,50000.0,Other,IT,Director,2019-12-01,4,,098-765-4321
228,jack,35.0,50000.0,Female,Sales,Assistant,2019-12-01,0,,
229,ivy,25.0,60000.0,Male,HR,Clerk,2020-02-20,1,,123-456-7890
230,david,50.0,,Other,HR,Clerk,2019-03-25,2,,
231,alice,35.0,50000.0,Female,IT,Analyst,2019-12-01,2,email@example.com,
232,bob,30.0,65000.0,Female,Finance,Analyst,2020-01-15,3,email@example.com,098-765-4321
233,alice,,70000.0,Female,HR,Manager,2020-02-20,1,name@company.org,123-456-7890
234,eve,40.0,50000.0,Other,Sales,Assistant,2018-04-05,2,name@company.org,
235,eve,25.0,65000.0,Other,HR,Manager,2018-04-05,3,,555-555-5555
236,grace,40.0,55000.0,Male,Sales,Clerk,2020-01-15,1,,
237,ivy,30.0,65000.0,Male,Marketing,Director,2019-12-01,2,user@domain.com,123-456-7890
238,ivy,40.0,70000.0,Other,Marketing,Director,2020-02-20,0,user@domain.com,
239,charlie,25.0,65000.0,Female,Sales,Analyst,2020-01-15,4,email@example.com,123-456-7890
240,charlie,30.0,60000.0,Female,Finance,Director,2019-12-01,1,name@company.org,555-555-5555
241,charlie,40.0,70000.0,Female,HR,Director,2020-02-20,3,email@example.com,098-765-4321
242,david,,,Male,HR,Director,2018-04-05,1,email@example.com,
243,hannah,50.0,55000.0,Female,Marketing,Clerk,2020-02-20,3,name@company.org,123-456-7890
244,frank,30.0,60000.0,Male,Sales,Director,2019-03-25,1,user@domain.com,123-456-7890
245,hannah,50.0,,Male,HR,Director,2020-02-20,3,name@company.org,123-456-7890
246,alice,30.0,65000.0,Female,HR,Director,2019-03-25,2,,098-765-4321
247,hannah,,70000.0,Female,Finance,Manager,2020-02-20,0,,123-456-7890
248,david,50.0,55000.0,Other,IT,Clerk,2019-03-25,2,,
249,alice,35.0,60000.0,Other,Marketing,Analyst,2018-04-05,0,,
250,hannah,25.0,,Female,Marketing,Manager,2019-12-01,2,user@domain.com,123-456-7890
251,david,35.0,,Male,IT,Assistant,2019-03-25,2,user@domain.com,
252,frank,40.0,55000.0,Male,HR,Clerk,2019-03-25,1,,
253,hannah,,65000.0,Male,Finance,Clerk,2018-04-05,4,email@example.com,
254,david,35.0,55000.0,Male,Finance,Assistant,2019-03-25,3,,123-456-7890
255,charlie,30.0,,Male,Marketing,Assistant,2020-01-15,3,,555-555-5555
256,ivy,40.0,50000.0,Other,Finance,Assistant,2018-04-05,3,email@example.com,
257,charlie,40.0,60000.0,Female,IT,Analyst,2020-01-15,0,name@company.org,098-765-4321
258,ivy,35.0,55000.0,Other,HR,Director,2018-04-05,3,name@company.org,123-456-7890
259,bob,35.0,,Male,IT,Clerk,2019-03-25,3,user@domain.com,098-765-4321
260,bob,,65000.0,Male,Sales,Director,2020-01-15,1,,555-555-5555
261,bob,25.0,,Male,Marketing,Director,2019-03-25,2,user@domain.com,098-765-4321
262,frank,35.0,65000.0,Male,Finance,Assistant,2018-04-05,3,name@company.org,123-456-7890
263,charlie,35.0,55000.0,Female,Sales,Analyst,2019-03-25,4,email@example.com,123-456-7890
264,ivy,50.0,65000.0,Male,Finance,Manager,2020-01-15,3,user@domain.com,555-555-5555
265,david,30.0,70000.0,Female,HR,Analyst,2020-01-15,0,,123-456-7890
266,alice,50.0,70000.0,Male,HR,Director,2019-03-25,0,,555-555-5555
267,david,50.0,70000.0,Female,HR,Analyst,2020-02-20,0,email@example.com,555-555-5555
268,alice,40.0,50000.0,Other,Finance,Assistant,2018-04-05,3,name@company.org,123-456-7890
269,eve,25.0,55000.0,Male,Sales,Manager,2018-04-05,1,,
270,david,30.0,,Female,HR,Assistant,2019-03-25,4,,555-555-5555
271,hannah,,,Other,Sales,Manager,2020-02-20,3,,123-456-7890
272,hannah,,50000.0,Male,Finance,Director,2020-01-15,1,user@domain.com,
273,grace,35.0,65000.0,Male,Sales,Manager,2019-12-01,1,name@company.org,555-555-5555
274,charlie,35.0,50000.0,Male,Finance,Manager,2019-12-01,3,user@domain.com,
275,alice,,65000.0,Female,Finance,Manager,2019-03-25,3,name@company.org,
276,alice,35.0,65000.0,Female,Marketing,Analyst,2020-02-20,1,,
277,charlie,25.0,60000.0,Other,Finance,Analyst,2020-02-20,1,,
278,frank,50.0,,Female,Finance,Director,2018-04-05,1,user@domain.com,555-555-5555
279,grace,35.0,70000.0,Female,IT,Manager,2020-01-15,3,,123-456-7890
280,frank,40.0,65000.0,Male,HR,Clerk,2020-02-20,1,name@company.org,098-765-4321
281,frank,35.0,60000.0,Male,Marketing,Director,2019-12-01,0,user@domain.com,123-456-7890
282,frank,30.0,,Male,Marketing,Manager,2020-01-15,3,user@domain.com,098-765-4321
283,charlie,25.0,70000.0,Male,Marketing,Manager,2020-01-15,0,,098-765-4321
284,frank,30.0,65000.0,Male,IT,Analyst,2019-03-25,2,user@domain.com,555-555-5555
285,hannah,30.0,65000.0,Male,Finance,Director,2020-02-20,3,,
286,bob,40.0,50000.0,Male,HR,Manager,2019-03-25,2,,123-456-7890
287,eve,25.0,50000.0,Other,Sales,Manager,2020-02-20,1,,
288,alice,25.0,,Other,Finance,Director,2018-04-05,1,name@company.org,
289,alice,25.0,70000.0,Other,IT,Clerk,2019-03-25,4,,555-555-5555
290,eve,25.0,65000.0,Other,Finance,Director,2019-03-25,1,,555-555-5555
291,charlie,25.0,,Male,Finance,Director,2019-12-01,2,email@example.com,
292,david,40.0,,Other,IT,Clerk,2019-03-25,1,email@example.com,123-456-7890
293,charlie,35.0,55000.0,Male,Marketing,Director,2020-02-20,3,user@domain.com,
294,alice,30.0,50000.0,Other,Marketing,Manager,2019-12-01,1,user@domain.com,123-456-7890
295,alice,25.0,70000.0,Female,HR,Director,2019-03-25,4,email@example.com,098-765-4321
296,eve,35.0,65000.0,Other,HR,Clerk,2019-03-25,1,,555-555-5555
297,frank,35.0,,Other,Marketing,Assistant,2018-04-05,2,user@domain.com,123-456-7890
298,charlie,30.0,65000.0,Male,Sales,Director,2019-03-25,2,,
299,ivy,40.0,55000.0,Other,Finance,Analyst,2020-01-15,1,,
300,eve,,70000.0,Female,Sales,Manager,2019-12-01,2,,555-555-5555
301,hannah,,,Male,Finance,Manager,2020-01-15,2,user@domain.com,
302,alice,35.0,65000.0,Male,Marketing,Analyst,2019-12-01,4,,
303,eve,50.0,50000.0,Other,HR,Analyst,2018-04-05,3,user@domain.com,123-456-7890
304,charlie,50.0,55000.0,Male,HR,Director,2019-03-25,4,user@domain.com,
305,alice,30.0,70000.0,Male,Sales,Analyst,2019-03-25,0,,555-555-5555
306,david,,55000.0,Male,HR,Assistant,2019-03-25,4,email@example.com,123-456-7890
307,eve,35.0,50000.0,Male,Marketing,Clerk,2019-12-01,1,,098-765-4321
308,grace,40.0,70000.0,Male,Sales,Analyst,2019-03-25,3,,
309,alice,,55000.0,Male,Finance,Analyst,2020-01-15,1,name@company.org,
310,charlie,35.0,60000.0,Female,HR,Assistant,2019-03-25,0,,123-456-7890
311,bob,35.0,50000.0,Other,IT,Manager,2018-04-05,3,user@domain.com,
312,ivy,25.0,50000.0,Female,HR,Manager,2020-01-15,2,user@domain.com,
313,jack,40.0,50000.0,Male,Finance,Director,2019-03-25,4,,555-555-5555
314,frank,25.0,60000.0,Male,Sales,Assistant,2019-03-25,1,name@company.org,
315,jack,30.0,60000.0,Other,Finance,Clerk,2020-02-20,0,,098-765-4321
316,charlie,25.0,65000.0,Female,IT,Clerk,2019-12-01,2,name@company.org,
317,hannah,25.0,,Other,Marketing,Assistant,2020-01-15,4,name@company.org,
318,hannah,,55000.0,Female,HR,Clerk,2020-02-20,2,,
319,bob,50.0,65000.0,Male,Sales,Manager,2018-04-05,4,user@domain.com,123-456-7890
320,frank,35.0,55000.0,Other,Marketing,Clerk,2019-12-01,3,user@domain.com,
321,grace,40.0,,Other,Finance,Clerk,2020-01-15,2,name@company.org,
322,bob,25.0,60000.0,Male,Sales,Assistant,2019-03-25,2,user@domain.com,123-456-7890
323,jack,40.0,,Other,Marketing,Assistant,2020-01-15,2,email@example.com,555-555-5555
324,bob,50.0,60000.0,Female,Sales,Clerk,2019-03-25,3,name@company.org,123-456-7890
325,jack,50.0,,Female,IT,Analyst,2019-12-01,0,user@domain.com,098-765-4321
326,alice,25.0,65000.0,Female,IT,Assistant,2019-03-25,4,email@example.com,123-456-7890
327,hannah,30.0,70000.0,Female,HR,Director,2018-04-05,2,,555-555-5555
328,alice,25.0,65000.0,Male,HR,Director,2019-03-25,3,user@domain.com,
329,ivy,,55000.0,Other,IT,Manager,2018-04-05,0,email@example.com,123-456-7890
330,frank,35.0,65000.0,Female,Sales,Clerk,2019-12-01,4,,123-456-7890
331,grace,30.0,50000.0,Male,IT,Analyst,2019-12-01,3,,123-456-7890
332,jack,25.0,55000.0,Other,HR,Manager,2020-01-15,4,email@example.com,123-456-7890
333,grace,40.0,,Other,IT,Clerk,2018-04-05,2,name@company.org,555-555-5555
334,jack,30.0,55000.0,Male,IT,Assistant,2018-04-05,0,name@company.org,
335,charlie,30.0,70000.0,Male,Sales,Director,2020-02-20,3,user@domain.com,
336,bob,25.0,60000.0,Female,Marketing,Analyst,2020-02-20,0,,123-456-7890
337,ivy,30.0,,Other,HR,Director,2020-02-20,2,name@company.org,555-555-5555
338,hannah,40.0,55000.0,Other,Sales,Assistant,2019-03-25,0,name@company.org,555-555-5555
339,jack,50.0,,Male,IT,Clerk,2020-02-20,0,,123-456-7890
340,grace,30.0,,Other,IT,Assistant,2018-04-05,1,,098-765-4321
341,ivy,50.0,,Female,Marketing,Assistant,2019-03-25,0,name@company.org,123-456-7890
342,david,40.0,60000.0,Other,HR,Director,2019-12-01,4,email@example.com,098-765-4321
343,david,25.0,65000.0,Male,HR,Analyst,2020-01-15,3,user@domain.com,123-456-7890
344,alice,35.0,,Male,Finance,Assistant,2020-02-20,1,name@company.org,098-765-4321
345,hannah,30.0,50000.0,Female,HR,Director,2019-12-01,3,name@company.org,098-765-4321
346,charlie,35.0,70000.0,Female,Marketing,Analyst,2018-04-05,3,,123-456-7890
347,grace,40.0,60000.0,Other,Finance,Clerk,2020-01-15,2,email@example.com,098-765-4321
348,bob,30.0,55000.0,Other,Finance,Clerk,2019-12-01,2,user@domain.com,
349,bob,50.0,60000.0,Male,IT,Manager,2020-01-15,1,name@company.org,
350,grace,,55000.0,Female,IT,Director,2020-02-20,2,user@domain.com,555-555-5555
351,frank,35.0,60000.0,Female,HR,Analyst,2018-04-05,2,,098-765-4321
352,charlie,30.0,55000.0,Female,Finance,Assistant,2020-01-15,2,name@company.org,098-765-4321
353,ivy,35.0,,Other,IT,Clerk,2019-12-01,3,name@company.org,555-555-5555
354,jack,30.0,65000.0,Female,Marketing,Analyst,2020-02-20,1,,098-765-4321
355,frank,25.0,55000.0,Male,IT,Director,2020-02-20,3,,555-555-5555
356,jack,50.0,55000.0,Male,IT,Manager,2019-12-01,4,name@company.org,123-456-7890
357,jack,35.0,50000.0,Other,Finance,Clerk,2019-12-01,3,user@domain.com,
358,frank,,55000.0,Other,Finance,Analyst,2020-01-15,4,email@example.com,
359,alice,,50000.0,Female,Sales,Analyst,2019-03-25,0,user@domain.com,
360,david,40.0,70000.0,Other,Marketing,Analyst,2020-02-20,0,,098-765-4321
361,jack,30.0,,Male,Finance,Director,2020-01-15,4,email@example.com,
362,frank,35.0,50000.0,Female,HR,Director,2019-12-01,4,user@domain.com,123-456-7890
363,frank,40.0,65000.0,Male,Marketing,Director,2020-01-15,3,user@domain.com,
364,eve,35.0,,Female,Marketing,Assistant,2019-12-01,4,,123-456-7890
365,alice,30.0,50000.0,Other,Finance,Analyst,2018-04-05,1,,123-456-7890
366,hannah,,,Female,Marketing,Clerk,2019-12-01,0,,098-765-4321
367,eve,25.0,,Female,Finance,Director,2019-12-01,0,email@example.com,123-456-7890
368,eve,,,Male,IT,Director,2019-12-01,4,,
369,grace,40.0,70000.0,Male,Sales,Analyst,2019-03-25,2,,
370,david,50.0,65000.0,Female,IT,Director,2019-12-01,2,name@company.org,
371,frank,25.0,60000.0,Other,Finance,Assistant,2020-02-20,4,name@company.org,098-765-4321
372,david,40.0,60000.0,Other,Finance,Assistant,2020-02-20,1,email@example.com,
373,charlie,30.0,50000.0,Male,IT,Director,2020-01-15,2,name@company.org,555-555-5555
374,grace,25.0,,Other,HR,Analyst,2019-03-25,4,,
375,hannah,40.0,50000.0,Male,HR,Analyst,2020-01-15,1,email@example.com,555-555-5555
376,david,30.0,70000.0,Other,HR,Analyst,2020-02-20,1,,555-555-5555
377,bob,,70000.0,Female,Finance,Manager,2020-02-20,3,email@example.com,098-765-4321
378,jack,50.0,55000.0,Male,Marketing,Director,2018-04-05,1,email@example.com,123-456-7890
379,charlie,30.0,70000.0,Male,Finance,Analyst,2019-12-01,2,user@domain.com,555-555-5555
380,alice,35.0,55000.0,Female,Marketing,Assistant,2020-02-20,2,user@domain.com,
381,hannah,30.0,65000.0,Male,IT,Clerk,2020-01-15,4,email@example.com,123-456-7890
382,charlie,30.0,50000.0,Other,Sales,Clerk,2020-01-15,4,name@company.org,
383,jack,50.0,65000.0,Other,Marketing,Analyst,2019-12-01,1,user@domain.com,
384,grace,35.0,70000.0,Male,HR,Clerk,2019-12-01,0,,123-456-7890
385,jack,40.0,65000.0,Other,Finance,Clerk,2018-04-05,3,,123-456-7890
386,eve,40.0,65000.0,Male,IT,Manager,2019-03-25,0,user@domain.com,
387,jack,30.0,65000.0,Female,HR,Assistant,2020-01-15,1,email@example.com,098-765-4321
388,eve,35.0,70000.0,Male,IT,Assistant,2019-12-01,1,name@company.org,
389,grace,35.0,,Female,Sales,Manager,2020-01-15,0,,
390,ivy,50.0,65000.0,Other,Finance,Manager,2019-12-01,3,user@domain.com,098-765-4321
391,eve,,55000.0,Female,Finance,Clerk,2020-02-20,0,name@company.org,123-456-7890
392,alice,40.0,70000.0,Other,Sales,Director,2020-01-15,4,name@company.org,
393,jack,50.0,65000.0,Male,Finance,Clerk,2020-02-20,2,name@company.org,
394,jack,25.0,,Other,Marketing,Manager,2020-01-15,4,email@example.com,
395,alice,40.0,70000.0,Male,IT,Assistant,2019-03-25,2,,098-765-4321
396,bob,50.0,60000.0,Male,HR,Clerk,2018-04-05,1,name@company.org,
397,frank,40.0,,Female,Sales,Director,2020-02-20,3,,098-765-4321
398,ivy,,55000.0,Female,Marketing,Clerk,2019-12-01,0,user@domain.com,123-456-7890
399,hannah,25.0,65000.0,Female,HR,Analyst,2019-03-25,3,,098-765-4321
400,eve,,60000.0,Female,HR,Clerk,2020-01-15,0,email@example.com,098-765-4321
401,alice,25.0,60000.0,Other,Sales,Manager,2020-02-20,4,email@example.com,
402,grace,30.0,70000.0,Other,Marketing,Assistant,2020-01-15,4,,
403,eve,50.0,60000.0,Other,HR,Assistant,2020-01-15,0,,
404,frank,25.0,55000.0,Male,HR,Manager,2020-01-15,3,email@example.com,555-555-5555
405,grace,,55000.0,Other,Marketing,Analyst,2018-04-05,0,email@example.com,098-765-4321
406,charlie,40.0,50000.0,Other,Finance,Manager,2018-04-05,1,,555-555-5555
407,jack,25.0,55000.0,Other,HR,Clerk,2019-12-01,4,email@example.com,
408,charlie,50.0,,Female,IT,Manager,2020-02-20,1,,
409,eve,25.0,60000.0,Other,Marketing,Manager,2019-03-25,4,,
410,frank,35.0,55000.0,Male,HR,Analyst,2019-03-25,4,,
411,ivy,40.0,70000.0,Female,Sales,Clerk,2019-03-25,2,user@domain.com,
412,eve,50.0,50000.0,Male,IT,Director,2020-01-15,1,,123-456-7890
413,alice,50.0,60000.0,Other,HR,Director,2018-04-05,1,,098-765-4321
414,david,30.0,50000.0,Female,IT,Assistant,2020-02-20,2,user@domain.com,
415,eve,,60000.0,Male,IT,Manager,2020-01-15,3,name@company.org,
416,jack,30.0,70000.0,Other,Finance,Assistant,2018-04-05,1,email@example.com,
417,jack,50.0,50000.0,Male,IT,Analyst,2018-04-05,0,,
418,eve,40.0,65000.0,Male,Finance,Director,2020-02-20,2,email@example.com,
419,grace,25.0,,Male,Marketing,Manager,2020-02-20,1,,555-555-5555
420,david,25.0,,Other,Finance,Analyst,2020-02-20,3,email@example.com,098-765-4321
421,alice,40.0,60000.0,Other,Sales,Analyst,2020-01-15,1,user@domain.com,098-765-4321
422,eve,50.0,65000.0,Male,HR,Manager,2019-12-01,4,email@example.com,123-456-7890
423,grace,25.0,50000.0,Female,Marketing,Analyst,2020-02-20,0,email@example.com,123-456-7890
424,jack,25.0,65000.0,Female,Marketing,Manager,2019-12-01,2,email@example.com,123-456-7890
425,jack,25.0,65000.0,Other,Sales,Manager,2020-01-15,4,name@company.org,098-765-4321
426,frank,,50000.0,Other,Finance,Clerk,2019-12-01,3,name@company.org,555-555-5555
427,eve,,70000.0,Other,HR,Assistant,2019-03-25,4,,098-765-4321
428,david,35.0,65000.0,Other,Finance,Analyst,2019-12-01,4,user@domain.com,098-765-4321
429,bob,30.0,65000.0,Other,IT,Analyst,2020-02-20,3,email@example.com,098-765-4321
430,david,40.0,70000.0,Female,Finance,Clerk,2020-01-15,4,email@example.com,098-765-4321
431,jack,40.0,65000.0,Other,Marketing,Clerk,2020-02-20,2,email@example.com,555-555-5555
432,jack,40.0,65000.0,Male,HR,Clerk,2019-03-25,1,email@example.com,123-456-7890
433,charlie,35.0,65000.0,Male,Finance,Director,2020-02-20,4,name@company.org,
434,jack,,,Female,HR,Director,2020-02-20,2,,123-456-7890
435,alice,50.0,55000.0,Male,HR,Director,2020-02-20,1,,123-456-7890
436,hannah,50.0,70000.0,Female,IT,Manager,2018-04-05,1,user@domain.com,
437,eve,35.0,65000.0,Female,IT,Analyst,2019-03-25,4,email@example.com,098-765-4321
438,david,50.0,,Male,Marketing,Assistant,2020-02-20,2,,555-555-5555
439,hannah,40.0,70000.0,Other,Sales,Manager,2020-02-20,4,,555-555-5555
440,grace,30.0,60000.0,Male,HR,Analyst,2020-02-20,3,,123-456-7890
441,bob,25.0,60000.0,Male,Sales,Analyst,2020-01-15,1,name@company.org,
442,alice,,65000.0,Female,Marketing,Clerk,2018-04-05,4,,
443,david,,,Male,HR,Clerk,2020-01-15,1,,098-765-4321
444,hannah,35.0,,Female,HR,Manager,2018-04-05,2,name@company.org,123-456-7890
445,bob,,70000.0,Other,Sales,Clerk,2020-02-20,0,,555-555-5555
446,charlie,40.0,70000.0,Other,Finance,Analyst,2019-03-25,4,,
447,alice,50.0,,Other,IT,Clerk,2019-12-01,4,,
448,alice,40.0,70000.0,Male,Finance,Director,2019-12-01,1,name@company.org,123-456-7890
449,charlie,35.0,,Female,Sales,Clerk,2020-02-20,2,email@example.com,
450,eve,40.0,55000.0,Other,IT,Analyst,2020-01-15,3,user@domain.com,555-555-5555
451,charlie,50.0,,Female,Finance,Manager,2019-03-25,2,,123-456-7890
452,alice,30.0,60000.0,Female,IT,Assistant,2018-04-05,4,name@company.org,
453,alice,35.0,70000.0,Other,HR,Clerk,2020-02-20,3,,
454,hannah,30.0,,Other,Finance,Analyst,2019-03-25,2,name@company.org,098-765-4321
455,jack,25.0,,Female,IT,Assistant,2019-03-25,0,user@domain.com,555-555-5555
456,bob,30.0,70000.0,Other,IT,Assistant,2018-04-05,1,user@domain.com,555-555-5555
457,charlie,25.0,55000.0,Female,IT,Director,2019-03-25,2,email@example.com,
458,bob,25.0,55000.0,Female,Finance,Assistant,2020-01-15,2,email@example.com,123-456-7890
459,charlie,30.0,70000.0,Other,Marketing,Analyst,2020-01-15,0,user@domain.com,
460,grace,35.0,50000.0,Male,Finance,Analyst,2020-01-15,4,,
461,alice,50.0,70000.0,Other,Sales,Clerk,2019-03-25,1,,098-765-4321
462,jack,40.0,70000.0,Male,Finance,Clerk,2020-01-15,2,,098-765-4321
463,hannah,40.0,55000.0,Female,IT,Clerk,2018-04-05,3,email@example.com,098-765-4321
464,jack,50.0,55000.0,Female,HR,Assistant,2019-03-25,2,,
465,jack,25.0,70000.0,Male,Finance,Assistant,2019-12-01,1,email@example.com,
466,jack,25.0,70000.0,Female,Finance,Director,2019-03-25,2,user@domain.com,555-555-5555
467,bob,35.0,70000.0,Male,IT,Clerk,2018-04-05,0,,123-456-7890
468,charlie,,55000.0,Male,HR,Manager,2019-12-01,2,,555-555-5555
469,ivy,30.0,70000.0,Female,HR,Director,2019-03-25,2,user@domain.com,
470,grace,25.0,70000.0,Male,Sales,Manager,2020-01-15,3,,555-555-5555
471,david,40.0,65000.0,Other,Finance,Assistant,2020-02-20,0,,
472,jack,35.0,50000.0,Other,HR,Director,2020-02-20,0,name@company.org,098-765-4321
473,eve,30.0,60000.0,Female,HR,Director,2020-01-15,2,email@example.com,
474,bob,35.0,50000.0,Female,Marketing,Analyst,2020-02-20,3,,
475,hannah,30.0,65000.0,Male,Marketing,Assistant,2020-02-20,2,user@domain.com,555-555-5555
476,david,30.0,60000.0,Male,HR,Assistant,2020-01-15,2,,
477,ivy,50.0,70000.0,Male,Sales,Director,2020-01-15,1,,555-555-5555
478,eve,25.0,65000.0,Male,HR,Assistant,2019-03-25,1,email@example.com,555-555-5555
479,ivy,35.0,70000.0,Other,IT,Director,2019-03-25,3,name@company.org,
480,david,35.0,55000.0,Other,Finance,Analyst,2020-01-15,4,email@example.com,555-555-5555
481,jack,50.0,,Female,Sales,Director,2018-04-05,1,,098-765-4321
482,eve,40.0,65000.0,Male,IT,Assistant,2020-02-20,4,,555-555-5555
483,ivy,40.0,55000.0,Male,Sales,Assistant,2019-03-25,0,,098-765-4321
484,hannah,25.0,65000.0,Female,IT,Director,2020-02-20,1,,
485,charlie,25.0,65000.0,Male,Finance,Director,2019-12-01,1,user@domain.com,
486,alice,,55000.0,Male,Finance,Director,2020-01-15,3,name@company.org,098-765-4321
487,charlie,50.0,60000.0,Male,Marketing,Clerk,2018-04-05,4,,
488,david,40.0,50000.0,Male,IT,Assistant,2019-12-01,1,,
489,bob,30.0,70000.0,Male,Marketing,Assistant,2019-12-01,1,,098-765-4321
490,alice,35.0,65000.0,Female,IT,Clerk,2019-12-01,3,name@company.org,
491,grace,25.0,70000.0,Male,Marketing,Director,2020-01-15,3,email@example.com,123-456-7890
492,hannah,35.0,,Female,Finance,Analyst,2019-03-25,4,name@company.org,
493,grace,35.0,55000.0,Male,Sales,Director,2020-01-15,0,name@company.org,
494,eve,,70000.0,Other,Marketing,Director,2019-03-25,0,name@company.org,
495,alice,40.0,55000.0,Other,IT,Clerk,2019-12-01,2,,
496,grace,25.0,70000.0,Other,IT,Assistant,2019-12-01,1,,555-555-5555
497,grace,35.0,50000.0,Other,Finance,Director,2018-04-05,4,user@domain.com,
498,ivy,25.0,50000.0,Female,IT,Assistant,2019-03-25,1,email@example.com,
499,charlie,30.0,50000.0,Female,HR,Manager,2019-12-01,4,,098-765-4321
500,ivy,,50000.0,Male,Sales,Assistant,2020-02-20,4,name@company.org,123-456-7890
501,alice,30.0,50000.0,Other,Marketing,Analyst,2018-04-05,4,email@example.com,555-555-5555
502,alice,25.0,50000.0,Female,Sales,Analyst,2020-01-15,1,email@example.com,098-765-4321
503,david,25.0,55000.0,Male,Finance,Director,2018-04-05,3,user@domain.com,123-456-7890
504,ivy,40.0,65000.0,Male,Marketing,Assistant,2020-02-20,1,,123-456-7890
505,frank,35.0,70000.0,Female,Marketing,Director,2019-03-25,4,name@company.org,123-456-7890
506,charlie,35.0,50000.0,Other,HR,Clerk,2020-01-15,2,,098-765-4321
507,alice,30.0,55000.0,Male,Finance,Analyst,2020-01-15,0,user@domain.com,555-555-5555
508,david,,55000.0,Other,IT,Director,2019-03-25,4,,555-555-5555
509,ivy,50.0,55000.0,Other,HR,Clerk,2018-04-05,2,email@example.com,123-456-7890
510,charlie,35.0,65000.0,Other,HR,Director,2019-12-01,3,name@company.org,098-765-4321
511,ivy,40.0,70000.0,Male,Sales,Assistant,2018-04-05,4,,123-456-7890
512,grace,30.0,65000.0,Other,Sales,Assistant,2020-02-20,2,user@domain.com,
513,david,30.0,60000.0,Male,Sales,Assistant,2019-12-01,4,,555-555-5555
514,charlie,50.0,55000.0,Other,HR,Assistant,2018-04-05,1,email@example.com,
515,jack,40.0,60000.0,Male,IT,Manager,2019-03-25,2,name@company.org,123-456-7890
516,eve,,,Other,Marketing,Clerk,2020-02-20,1,,
517,eve,40.0,50000.0,Female,Sales,Clerk,2020-02-20,1,,555-555-5555
518,charlie,,50000.0,Other,IT,Assistant,2020-02-20,2,email@example.com,098-765-4321
519,ivy,40.0,65000.0,Other,Finance,Manager,2019-12-01,0,,555-555-5555
520,david,40.0,70000.0,Male,Sales,Assistant,2020-01-15,2,user@domain.com,098-765-4321
521,eve,25.0,60000.0,Male,Marketing,Manager,2019-12-01,0,,098-765-4321
522,david,30.0,70000.0,Other,Finance,Assistant,2018-04-05,4,,123-456-7890
523,eve,40.0,65000.0,Female,Finance,Analyst,2020-01-15,4,,123-456-7890
524,grace,50.0,50000.0,Female,Marketing,Analyst,2018-04-05,2,email@example.com,555-555-5555
525,ivy,40.0,70000.0,Male,Sales,Director,2020-01-15,4,email@example.com,
526,grace,35.0,70000.0,Female,HR,Assistant,2019-12-01,3,user@domain.com,555-555-5555
527,eve,30.0,50000.0,Other,Marketing,Clerk,2020-02-20,1,,
528,jack,35.0,60000.0,Male,Marketing,Director,2019-03-25,1,email@example.com,098-765-4321
529,jack,30.0,50000.0,Other,Marketing,Analyst,2020-02-20,0,user@domain.com,098-765-4321
530,grace,35.0,70000.0,Male,Finance,Assistant,2019-12-01,4,user@domain.com,123-456-7890
531,jack,40.0,60000.0,Male,IT,Director,2020-01-15,0,,
532,eve,40.0,60000.0,Male,HR,Assistant,2020-02-20,1,name@company.org,123-456-7890
533,charlie,25.0,50000.0,Male,Sales,Analyst,2019-12-01,1,,
534,grace,50.0,70000.0,Female,Sales,Director,2018-04-05,4,name@company.org,555-555-5555
535,bob,35.0,65000.0,Other,IT,Analyst,2019-03-25,3,user@domain.com,555-555-5555
536,ivy,,70000.0,Other,Marketing,Manager,2020-02-20,3,email@example.com,
537,jack,25.0,55000.0,Other,HR,Analyst,2020-01-15,4,,123-456-7890
538,jack,35.0,,Male,Sales,Assistant,2018-04-05,4,user@domain.com,123-456-7890
539,alice,35.0,65000.0,Female,Sales,Clerk,2019-12-01,0,email@example.com,
540,frank,25.0,60000.0,Other,Marketing,Analyst,2019-03-25,4,user@domain.com,555-555-5555
541,grace,40.0,65000.0,Female,IT,Clerk,2020-01-15,3,,123-456-7890
542,hannah,35.0,60000.0,Male,HR,Manager,2019-12-01,4,name@company.org,
543,jack,40.0,60000.0,Other,IT,Director,2019-12-01,0,user@domain.com,555-555-5555
544,ivy,25.0,65000.0,Female,IT,Director,2020-02-20,0,email@example.com,
545,bob,40.0,60000.0,Male,HR,Clerk,2020-02-20,0,,
546,jack,30.0,60000.0,Female,HR,Director,2020-01-15,0,,098-765-4321
547,bob,,55000.0,Other,Sales,Analyst,2019-12-01,2,,
548,eve,35.0,70000.0,Other,Sales,Clerk,2020-02-20,4,name@company.org,
549,eve,50.0,70000.0,Male,HR,Assistant,2019-03-25,1,,123-456-7890
550,frank,,,Male,Finance,Analyst,2019-03-25,4,,098-765-4321
551,charlie,40.0,,Male,Sales,Analyst,2019-12-01,2,email@example.com,
552,hannah,35.0,55000.0,Female,Finance,Analyst,2020-02-20,0,user@domain.com,123-456-7890
553,alice,40.0,,Female,HR,Assistant,2020-01-15,2,name@company.org,098-765-4321
554,frank,30.0,65000.0,Female,Sales,Manager,2020-01-15,3,,555-555-5555
555,david,25.0,50000.0,Male,IT,Director,2020-01-15,3,name@company.org,123-456-7890
556,alice,35.0,50000.0,Other,HR,Clerk,2019-03-25,4,,
557,grace,30.0,50000.0,Other,Marketing,Manager,2020-02-20,4,name@company.org,
558,ivy,30.0,55000.0,Female,Finance,Clerk,2020-02-20,1,,098-765-4321
559,david,35.0,55000.0,Female,HR,Director,2019-03-25,1,user@domain.com,123-456-7890
560,david,40.0,60000.0,Other,HR,Assistant,2020-01-15,3,user@domain.com,555-555-5555
561,frank,50.0,50000.0,Other,Sales,Analyst,2020-01-15,0,name@company.org,
562,charlie,30.0,65000.0,Female,Sales,Analyst,2019-12-01,2,email@example.com,
563,frank,,,Female,Sales,Assistant,2018-04-05,1,name@company.org,123-456-7890
564,grace,30.0,65000.0,Other,Marketing,Manager,2020-02-20,1,,555-555-5555
565,jack,50.0,,Male,Sales,Manager,2020-02-20,0,user@domain.com,098-765-4321
566,jack,40.0,50000.0,Female,HR,Clerk,2020-02-20,0,user@domain.com,123-456-7890
567,charlie,40.0,50000.0,Other,Sales,Assistant,2018-04-05,4,user@domain.com,098-765-4321
568,grace,,50000.0,Other,IT,Manager,2019-12-01,2,email@example.com,
569,charlie,30.0,55000.0,Other,Sales,Assistant,2018-04-05,0,email@example.com,098-765-4321
570,bob,40.0,,Other,Marketing,Director,2020-01-15,1,,555-555-5555
571,jack,50.0,55000.0,Male,IT,Analyst,2020-01-15,1,name@company.org,
572,david,35.0,55000.0,Other,HR,Analyst,2020-02-20,3,name@company.org,555-555-5555
573,hannah,25.0,70000.0,Female,HR,Analyst,2019-03-25,0,,098-765-4321
574,ivy,25.0,65000.0,Male,Finance,Assistant,2020-02-20,4,user@domain.com,123-456-7890
575,grace,25.0,65000.0,Other,IT,Assistant,2019-03-25,2,email@example.com,
576,alice,30.0,60000.0,Male,Finance,Clerk,2018-04-05,4,,
577,charlie,,55000.0,Female,IT,Analyst,2020-01-15,1,,123-456-7890
578,ivy,40.0,,Other,IT,Clerk,2019-03-25,4,email@example.com,123-456-7890
579,alice,35.0,70000.0,Female,Marketing,Analyst,2018-04-05,1,name@company.org,555-555-5555
580,ivy,50.0,70000.0,Other,Finance,Clerk,2020-01-15,1,user@domain.com,098-765-4321
581,hannah,35.0,65000.0,Other,Marketing,Clerk,2019-03-25,1,name@company.org,555-555-5555
582,alice,50.0,55000.0,Other,IT,Director,2020-02-20,1,,098-765-4321
583,frank,30.0,60000.0,Other,HR,Clerk,2020-02-20,1,user@domain.com,555-555-5555
584,eve,25.0,55000.0,Other,IT,Assistant,2020-02-20,3,,123-456-7890
585,frank,30.0,50000.0,Male,Marketing,Clerk,2018-04-05,4,,
586,jack,,55000.0,Other,Finance,Analyst,2020-02-20,3,name@company.org,098-765-4321
587,eve,,50000.0,Other,Finance,Clerk,2019-12-01,3,name@company.org,
588,frank,50.0,50000.0,Male,Marketing,Manager,2020-01-15,0,name@company.org,
589,eve,40.0,60000.0,Male,Finance,Analyst,2018-04-05,0,email@example.com,123-456-7890
590,eve,40.0,,Male,Sales,Manager,2020-02-20,0,,555-555-5555
591,david,50.0,65000.0,Male,HR,Analyst,2020-01-15,2,user@domain.com,555-555-5555
592,charlie,,55000.0,Male,HR,Assistant,2019-03-25,0,name@company.org,123-456-7890
593,charlie,,50000.0,Male,HR,Assistant,2020-02-20,4,name@company.org,
594,david,,55000.0,Other,Finance,Assistant,2020-01-15,3,email@example.com,
595,ivy,30.0,,Other,Finance,Manager,2019-12-01,4,user@domain.com,555-555-5555
596,bob,,65000.0,Female,IT,Director,2019-03-25,0,,098-765-4321
597,ivy,35.0,,Other,IT,Analyst,2019-12-01,2,,
598,alice,25.0,65000.0,Other,HR,Assistant,2020-01-15,2,email@example.com,098-765-4321
599,alice,,70000.0,Male,Sales,Analyst,2019-12-01,3,,
600,eve,50.0,65000.0,Male,IT,Manager,2020-01-15,4,,098-765-4321
601,frank,25.0,60000.0,Other,IT,Director,2020-01-15,1,name@company.org,
602,frank,30.0,,Female,Finance,Manager,2019-12-01,4,name@company.org,098-765-4321
603,charlie,50.0,50000.0,Male,Sales,Analyst,2020-01-15,0,user@domain.com,098-765-4321
604,grace,25.0,70000.0,Other,HR,Director,2020-02-20,1,,098-765-4321
605,ivy,50.0,60000.0,Other,IT,Director,2020-01-15,2,name@company.org,098-765-4321
606,jack,30.0,55000.0,Female,Sales,Manager,2018-04-05,3,name@company.org,123-456-7890
607,hannah,35.0,,Female,Sales,Assistant,2020-01-15,3,user@domain.com,
608,frank,30.0,50000.0,Male,HR,Analyst,2018-04-05,2,,
609,hannah,30.0,65000.0,Female,Sales,Clerk,2020-01-15,0,name@company.org,
610,eve,50.0,50000.0,Other,Sales,Clerk,2020-01-15,2,email@example.com,123-456-7890
611,hannah,40.0,55000.0,Other,Sales,Manager,2019-12-01,0,email@example.com,123-456-7890
612,jack,,70000.0,Female,IT,Analyst,2020-02-20,1,,123-456-7890
613,david,,70000.0,Female,HR,Analyst,2020-02-20,2,,123-456-7890
614,jack,35.0,,Female,Sales,Manager,2019-03-25,0,user@domain.com,098-765-4321
615,hannah,35.0,70000.0,Female,Sales,Analyst,2019-12-01,1,email@example.com,
616,jack,,,Male,IT,Assistant,2019-12-01,2,email@example.com,555-555-5555
617,bob,40.0,,Female,HR,Manager,2020-02-20,3,,
618,eve,,,Male,Finance,Assistant,2019-12-01,2,,123-456-7890
619,ivy,40.0,65000.0,Other,IT,Analyst,2020-02-20,4,,
620,david,35.0,60000.0,Female,HR,Manager,2019-12-01,2,,123-456-7890
621,frank,25.0,,Male,Sales,Analyst,2020-01-15,4,email@example.com,123-456-7890
622,alice,50.0,,Female,HR,Manager,2020-02-20,1,user@domain.com,123-456-7890
623,ivy,35.0,60000.0,Other,HR,Analyst,2020-02-20,2,email@example.com,123-456-7890
624,alice,35.0,50000.0,Other,HR,Assistant,2018-04-05,1,,123-456-7890
625,eve,30.0,,Other,Finance,Assistant,2019-12-01,1,email@example.com,
626,david,30.0,65000.0,Female,HR,Analyst,2019-12-01,0,user@domain.com,
627,charlie,30.0,70000.0,Female,Finance,Manager,2020-02-20,1,name@company.org,123-456-7890
628,frank,50.0,70000.0,Male,Sales,Clerk,2020-01-15,1,email@example.com,123-456-7890
629,bob,30.0,55000.0,Other,Finance,Assistant,2020-01-15,2,,123-456-7890
630,charlie,40.0,55000.0,Female,Sales,Assistant,2020-01-15,2,name@company.org,123-456-7890
631,eve,,70000.0,Other,Sales,Clerk,2019-12-01,3,,098-765-4321
632,ivy,25.0,70000.0,Other,Finance,Analyst,2018-04-05,0,,098-765-4321
633,bob,35.0,65000.0,Male,IT,Manager,2020-02-20,1,,555-555-5555
634,jack,40.0,60000.0,Male,Marketing,Analyst,2019-03-25,0,email@example.com,123-456-7890
635,hannah,25.0,55000.0,Male,HR,Director,2018-04-05,4,,555-555-5555
636,bob,40.0,60000.0,Male,Marketing,Assistant,2019-03-25,1,name@company.org,
637,eve,40.0,65000.0,Other,HR,Director,2018-04-05,0,user@domain.com,555-555-5555
638,grace,35.0,70000.0,Male,HR,Assistant,2020-01-15,3,,
639,hannah,,,Male,Sales,Assistant,2019-12-01,3,email@example.com,098-765-4321
640,alice,30.0,60000.0,Male,HR,Director,2019-03-25,1,,098-765-4321
641,frank,50.0,70000.0,Male,HR,Director,2018-04-05,4,user@domain.com,123-456-7890
642,alice,,70000.0,Other,Finance,Analyst,2019-12-01,3,name@company.org,123-456-7890
643,bob,50.0,50000.0,Male,Marketing,Director,2019-03-25,3,,
644,alice,35.0,60000.0,Other,Finance,Analyst,2020-02-20,4,,
645,eve,35.0,,Female,HR,Analyst,2018-04-05,0,user@domain.com,
646,jack,35.0,60000.0,Other,Sales,Analyst,2020-02-20,3,email@example.com,123-456-7890
647,ivy,25.0,70000.0,Other,Finance,Assistant,2020-01-15,2,name@company.org,123-456-7890
648,frank,50.0,,Male,Finance,Assistant,2020-02-20,3,user@domain.com,
649,alice,,65000.0,Female,IT,Director,2020-02-20,0,,
650,alice,,50000.0,Female,HR,Assistant,2018-04-05,0,name@company.org,
651,bob,40.0,70000.0,Female,Sales,Director,2020-01-15,1,,098-765-4321
652,ivy,40.0,55000.0,Female,Finance,Assistant,2020-02-20,2,user@domain.com,555-555-5555
653,charlie,40.0,55000.0,Other,Finance,Manager,2019-12-01,0,,555-555-5555
654,alice,35.0,50000.0,Female,Sales,Manager,2019-03-25,4,,123-456-7890
655,eve,,65000.0,Other,HR,Director,2020-02-20,2,,098-765-4321
656,grace,50.0,70000.0,Other,IT,Assistant,2020-01-15,2,email@example.com,
657,frank,35.0,60000.0,Other,Finance,Assistant,2020-02-20,4,,123-456-7890
658,alice,25.0,50000.0,Female,IT,Analyst,2019-03-25,3,,098-765-4321
659,eve,40.0,65000.0,Male,Marketing,Clerk,2020-01-15,4,,
660,eve,35.0,60000.0,Male,HR,Director,2018-04-05,4,name@company.org,098-765-4321
661,frank,35.0,55000.0,Female,Marketing,Clerk,2020-01-15,3,,123-456-7890
662,charlie,25.0,55000.0,Male,Marketing,Clerk,2018-04-05,3,,555-555-5555
663,eve,30.0,60000.0,Male,Marketing,Director,2020-01-15,3,user@domain.com,
664,grace,,50000.0,Other,HR,Assistant,2019-03-25,3,email@example.com,
665,eve,50.0,55000.0,Other,HR,Director,2019-03-25,3,name@company.org,098-765-4321
666,eve,30.0,70000.0,Female,Sales,Clerk,2020-01-15,4,,123-456-7890
667,eve,40.0,,Female,IT,Assistant,2020-02-20,1,user@domain.com,123-456-7890
668,jack,35.0,60000.0,Male,IT,Manager,2019-03-25,1,email@example.com,
669,jack,25.0,60000.0,Other,Sales,Director,2018-04-05,0,name@company.org,123-456-7890
670,charlie,25.0,55000.0,Female,Sales,Director,2018-04-05,1,name@company.org,123-456-7890
671,alice,,50000.0,Female,Marketing,Assistant,2019-12-01,1,,
672,eve,30.0,70000.0,Female,Sales,Manager,2018-04-05,4,name@company.org,
673,ivy,,50000.0,Female,Finance,Manager,2019-12-01,3,user@domain.com,555-555-5555
674,alice,35.0,65000.0,Female,IT,Assistant,2020-01-15,3,name@company.org,555-555-5555
675,charlie,,65000.0,Female,Sales,Analyst,2020-01-15,4,,098-765-4321
676,david,50.0,,Male,Finance,Director,2020-01-15,1,user@domain.com,
677,alice,25.0,55000.0,Other,Finance,Director,2020-02-20,4,email@example.com,098-765-4321
678,alice,25.0,55000.0,Other,Finance,Clerk,2020-02-20,0,email@example.com,555-555-5555
679,hannah,40.0,55000.0,Female,Finance,Assistant,2019-12-01,3,,
680,bob,40.0,,Other,Marketing,Clerk,2018-04-05,2,,123-456-7890
681,hannah,35.0,65000.0,Other,Finance,Clerk,2018-04-05,0,,555-555-5555
682,grace,50.0,50000.0,Other,Marketing,Manager,2020-01-15,0,email@example.com,
683,jack,30.0,,Female,Marketing,Director,2019-03-25,4,email@example.com,555-555-5555
684,jack,,,Female,Finance,Clerk,2020-02-20,1,email@example.com,
685,bob,35.0,50000.0,Other,IT,Manager,2020-02-20,3,email@example.com,
686,frank,40.0,55000.0,Other,Finance,Assistant,2020-01-15,2,name@company.org,
687,frank,,70000.0,Female,Finance,Clerk,2020-02-20,0,user@domain.com,098-765-4321
688,charlie,40.0,50000.0,Male,Finance,Director,2020-01-15,2,user@domain.com,
689,bob,,65000.0,Other,IT,Clerk,2019-12-01,1,,555-555-5555
690,alice,30.0,60000.0,Male,HR,Assistant,2018-04-05,1,name@company.org,
691,frank,35.0,60000.0,Other,HR,Clerk,2019-03-25,2,email@example.com,123-456-7890
692,eve,,,Male,Marketing,Director,2018-04-05,3,email@example.com,555-555-5555
693,ivy,50.0,60000.0,Male,Marketing,Manager,2018-04-05,1,,
694,alice,25.0,70000.0,Male,IT,Director,2019-12-01,2,,
695,grace,50.0,55000.0,Female,Sales,Manager,2020-02-20,0,,123-456-7890
696,eve,50.0,65000.0,Male,HR,Analyst,2019-03-25,2,email@example.com,
697,eve,25.0,70000.0,Male,Marketing,Director,2020-02-20,2,,555-555-5555
698,bob,50.0,65000.0,Male,HR,Director,2018-04-05,4,name@company.org,555-555-5555
699,charlie,,65000.0,Other,IT,Assistant,2020-01-15,1,user@domain.com,123-456-7890
700,grace,,55000.0,Male,IT,Clerk,2018-04-05,3,email@example.com,
701,frank,,,Other,Sales,Manager,2020-02-20,3,name@company.org,555-555-5555
702,bob,25.0,60000.0,Male,Sales,Manager,2018-04-05,4,email@example.com,555-555-5555
703,frank,50.0,55000.0,Male,IT,Assistant,2020-01-15,3,,555-555-5555
704,bob,25.0,70000.0,Female,Marketing,Assistant,2019-12-01,2,,
705,bob,,,Other,HR,Clerk,2020-02-20,4,,123-456-7890
706,bob,50.0,70000.0,Male,Finance,Clerk,2018-04-05,0,user@domain.com,555-555-5555
707,charlie,50.0,,Other,Sales,Director,2020-02-20,1,,
708,bob,40.0,70000.0,Other,Finance,Analyst,2019-12-01,1,email@example.com,
709,david,40.0,55000.0,Female,Marketing,Clerk,2018-04-05,1,,098-765-4321
710,ivy,30.0,,Female,Sales,Assistant,2018-04-05,2,email@example.com,123-456-7890
711,frank,35.0,,Female,Finance,Clerk,2020-02-20,0,user@domain.com,
712,alice,40.0,65000.0,Female,Marketing,Manager,2020-02-20,4,,555-555-5555
713,hannah,25.0,65000.0,Female,HR,Analyst,2020-01-15,4,,098-765-4321
714,grace,40.0,50000.0,Female,Marketing,Director,2019-12-01,1,,123-456-7890
715,jack,30.0,70000.0,Female,Sales,Manager,2020-01-15,0,,
716,charlie,50.0,65000.0,Female,IT,Manager,2018-04-05,0,,098-765-4321
717,alice,30.0,50000.0,Male,HR,Analyst,2020-02-20,0,,098-765-4321
718,eve,50.0,65000.0,Other,Finance,Director,2018-04-05,3,,
719,david,50.0,70000.0,Female,Sales,Assistant,2018-04-05,3,email@example.com,123-456-7890
720,jack,35.0,,Female,IT,Director,2019-03-25,1,user@domain.com,
721,hannah,40.0,60000.0,Other,Marketing,Clerk,2019-03-25,0,,
722,alice,25.0,70000.0,Male,IT,Manager,2018-04-05,0,email@example.com,555-555-5555
723,jack,25.0,55000.0,Other,Sales,Clerk,2020-02-20,4,,
724,alice,,65000.0,Other,Sales,Assistant,2018-04-05,4,email@example.com,098-765-4321
725,david,50.0,65000.0,Female,IT,Clerk,2019-03-25,1,,123-456-7890
726,hannah,25.0,,Other,Marketing,Director,2020-02-20,0,,
727,eve,35.0,55000.0,Other,IT,Clerk,2018-04-05,1,,
728,bob,50.0,,Female,Sales,Assistant,2019-12-01,4,,123-456-7890
729,frank,35.0,55000.0,Female,Sales,Assistant,2019-12-01,4,name@company.org,
730,eve,25.0,60000.0,Female,Finance,Assistant,2018-04-05,3,email@example.com,555-555-5555
731,bob,25.0,65000.0,Female,Finance,Director,2020-02-20,1,name@company.org,
732,charlie,,65000.0,Other,HR,Assistant,2018-04-05,1,email@example.com,555-555-5555
733,ivy,25.0,60000.0,Other,Sales,Manager,2018-04-05,0,user@domain.com,098-765-4321
734,grace,50.0,50000.0,Male,Finance,Assistant,2019-03-25,0,,098-765-4321
735,grace,50.0,,Male,IT,Clerk,2019-12-01,3,user@domain.com,
736,frank,50.0,60000.0,Other,Marketing,Clerk,2019-03-25,2,user@domain.com,555-555-5555
737,hannah,,,Male,IT,Clerk,2019-03-25,2,email@example.com,098-765-4321
738,david,,70000.0,Other,Marketing,Director,2018-04-05,2,name@company.org,
739,hannah,25.0,65000.0,Male,Finance,Clerk,2019-03-25,1,,123-456-7890
740,david,30.0,,Female,HR,Director,2019-12-01,1,email@example.com,123-456-7890
741,hannah,30.0,55000.0,Male,IT,Director,2019-03-25,4,,555-555-5555
742,ivy,,,Female,IT,Assistant,2019-12-01,1,user@domain.com,
743,charlie,25.0,70000.0,Female,IT,Manager,2019-03-25,1,,
744,charlie,30.0,65000.0,Female,Marketing,Assistant,2019-12-01,1,name@company.org,555-555-5555
745,bob,25.0,60000.0,Female,Finance,Assistant,2019-03-25,3,email@example.com,123-456-7890
746,jack,25.0,70000.0,Male,IT,Director,2019-03-25,1,name@company.org,555-555-5555
747,charlie,25.0,65000.0,Other,IT,Director,2020-02-20,0,name@company.org,
748,charlie,40.0,,Female,HR,Clerk,2019-12-01,0,email@example.com,098-765-4321
749,eve,50.0,50000.0,Male,HR,Clerk,2019-12-01,4,name@company.org,
750,eve,25.0,50000.0,Female,Finance,Assistant,2019-12-01,3,,098-765-4321
751,bob,40.0,55000.0,Male,Finance,Analyst,2020-01-15,0,,098-765-4321
752,jack,,65000.0,Male,Sales,Analyst,2019-03-25,3,,098-765-4321
753,frank,30.0,50000.0,Male,HR,Clerk,2019-12-01,3,,555-555-5555
754,eve,50.0,60000.0,Other,Sales,Analyst,2020-01-15,4,name@company.org,123-456-7890
755,frank,30.0,65000.0,Male,Marketing,Clerk,2020-02-20,3,email@example.com,555-555-5555
756,alice,50.0,60000.0,Male,Sales,Director,2019-12-01,1,email@example.com,123-456-7890
757,eve,30.0,60000.0,Other,IT,Assistant,2019-12-01,3,,
758,ivy,50.0,50000.0,Other,Sales,Manager,2020-01-15,4,email@example.com,
759,jack,30.0,65000.0,Male,Finance,Assistant,2019-03-25,4,,
760,bob,30.0,,Other,Marketing,Clerk,2020-02-20,4,name@company.org,555-555-5555
761,alice,30.0,70000.0,Female,IT,Clerk,2019-12-01,0,email@example.com,555-555-5555
762,jack,30.0,50000.0,Female,Sales,Assistant,2019-03-25,1,email@example.com,123-456-7890
763,ivy,,50000.0,Other,Marketing,Clerk,2020-02-20,0,user@domain.com,555-555-5555
764,jack,25.0,,Other,Marketing,Analyst,2018-04-05,2,user@domain.com,098-765-4321
765,ivy,35.0,65000.0,Male,IT,Analyst,2018-04-05,1,user@domain.com,555-555-5555
766,ivy,40.0,65000.0,Other,Sales,Clerk,2020-02-20,3,name@company.org,123-456-7890
767,frank,35.0,60000.0,Male,Marketing,Clerk,2020-01-15,4,,123-456-7890
768,hannah,35.0,,Female,Marketing,Analyst,2020-02-20,2,,098-765-4321
769,alice,50.0,,Other,HR,Clerk,2020-02-20,1,,123-456-7890
770,jack,25.0,65000.0,Male,Marketing,Clerk,2020-01-15,0,name@company.org,
771,david,50.0,60000.0,Male,HR,Assistant,2020-01-15,4,name@company.org,
772,alice,25.0,50000.0,Female,Sales,Manager,2019-03-25,0,user@domain.com,555-555-5555
773,hannah,25.0,55000.0,Other,Sales,Analyst,2019-03-25,1,email@example.com,
774,alice,30.0,70000.0,Female,Sales,Assistant,2020-01-15,1,,555-555-5555
775,charlie,,50000.0,Male,Finance,Manager,2018-04-05,2,,
776,david,30.0,65000.0,Male,Sales,Clerk,2018-04-05,3,email@example.com,555-555-5555
777,hannah,,70000.0,Other,Marketing,Clerk,2020-02-20,0,user@domain.com,098-765-4321
778,frank,50.0,55000.0,Male,IT,Assistant,2019-12-01,2,email@example.com,123-456-7890
779,jack,,55000.0,Other,HR,Clerk,2020-02-20,4,email@example.com,123-456-7890
780,grace,50.0,60000.0,Female,Finance,Director,2020-02-20,3,,098-765-4321
781,hannah,35.0,70000.0,Other,Sales,Assistant,2019-12-01,2,user@domain.com,
782,bob,35.0,60000.0,Other,Sales,Manager,2020-01-15,0,name@company.org,
783,jack,,50000.0,Male,IT,Assistant,2018-04-05,1,,
784,hannah,,,Male,IT,Analyst,2020-02-20,4,name@company.org,123-456-7890
785,charlie,50.0,,Other,Finance,Assistant,2019-12-01,0,user@domain.com,
786,grace,30.0,,Male,HR,Clerk,2019-03-25,3,email@example.com,555-555-5555
787,charlie,50.0,70000.0,Male,Sales,Clerk,2020-02-20,3,,
788,grace,30.0,,Male,Finance,Director,2018-04-05,1,,
789,bob,35.0,50000.0,Other,Marketing,Director,2020-01-15,1,user@domain.com,098-765-4321
790,jack,25.0,60000.0,Male,Marketing,Director,2020-02-20,4,,555-555-5555
791,frank,,70000.0,Other,Finance,Manager,2020-02-20,4,name@company.org,
792,charlie,30.0,60000.0,Male,Sales,Director,2019-12-01,1,,555-555-5555
793,charlie,50.0,70000.0,Female,Finance,Manager,2019-03-25,1,user@domain.com,
794,ivy,35.0,60000.0,Male,Sales,Director,2019-03-25,3,user@domain.com,123-456-7890
795,grace,30.0,55000.0,Male,IT,Manager,2020-01-15,1,name@company.org,
796,eve,50.0,60000.0,Other,Finance,Assistant,2018-04-05,2,,098-765-4321
797,jack,,,Other,Sales,Assistant,2020-01-15,0,,
798,grace,,55000.0,Male,Finance,Clerk,2020-02-20,1,email@example.com,
799,ivy,40.0,60000.0,Female,Finance,Manager,2020-02-20,4,,098-765-4321
800,alice,25.0,70000.0,Male,Sales,Analyst,2019-03-25,2,user@domain.com,
801,grace,40.0,70000.0,Male,Sales,Clerk,2018-04-05,4,email@example.com,
802,frank,35.0,70000.0,Female,HR,Assistant,2019-12-01,2,user@domain.com,
803,jack,30.0,65000.0,Other,Finance,Manager,2018-04-05,1,email@example.com,555-555-5555
804,ivy,35.0,50000.0,Male,Marketing,Director,2020-02-20,0,,
805,alice,50.0,70000.0,Other,Finance,Analyst,2019-12-01,4,email@example.com,
806,david,,55000.0,Other,Finance,Assistant,2018-04-05,2,user@domain.com,123-456-7890
807,ivy,40.0,70000.0,Female,Sales,Clerk,2018-04-05,3,,
808,david,40.0,65000.0,Female,Finance,Manager,2019-12-01,1,user@domain.com,555-555-5555
809,jack,40.0,,Other,Finance,Analyst,2020-02-20,0,name@company.org,098-765-4321
810,charlie,35.0,55000.0,Male,Marketing,Manager,2018-04-05,1,name@company.org,098-765-4321
811,ivy,,65000.0,Other,Sales,Director,2019-12-01,3,name@company.org,098-765-4321
812,bob,30.0,,Male,Finance,Clerk,2020-02-20,0,name@company.org,123-456-7890
813,david,50.0,55000.0,Male,IT,Manager,2019-12-01,3,,555-555-5555
814,frank,30.0,60000.0,Female,HR,Assistant,2019-12-01,1,,
815,bob,35.0,50000.0,Male,Marketing,Clerk,2018-04-05,2,,098-765-4321
816,hannah,50.0,50000.0,Male,Finance,Assistant,2020-02-20,1,user@domain.com,555-555-5555
817,hannah,40.0,65000.0,Other,IT,Manager,2018-04-05,1,email@example.com,
818,alice,25.0,,Female,Finance,Clerk,2020-01-15,1,user@domain.com,123-456-7890
819,charlie,35.0,50000.0,Male,Finance,Assistant,2020-01-15,4,user@domain.com,555-555-5555
820,jack,35.0,,Male,Sales,Director,2020-02-20,3,user@domain.com,555-555-5555
821,ivy,,,Female,Sales,Director,2019-12-01,3,user@domain.com,
822,eve,30.0,65000.0,Other,Sales,Manager,2018-04-05,3,,555-555-5555
823,frank,35.0,65000.0,Female,IT,Clerk,2018-04-05,4,email@example.com,
824,david,35.0,65000.0,Female,Finance,Analyst,2020-02-20,2,user@domain.com,123-456-7890
825,jack,40.0,50000.0,Male,HR,Clerk,2020-02-20,1,,123-456-7890
826,bob,40.0,65000.0,Male,Marketing,Director,2020-01-15,2,user@domain.com,
827,hannah,50.0,50000.0,Other,Sales,Assistant,2019-03-25,4,name@company.org,
828,frank,25.0,65000.0,Male,Sales,Analyst,2020-02-20,3,user@domain.com,
829,eve,,70000.0,Male,Finance,Manager,2019-03-25,1,user@domain.com,098-765-4321
830,ivy,25.0,,Female,Finance,Analyst,2020-02-20,0,,098-765-4321
831,alice,50.0,65000.0,Male,IT,Manager,2019-12-01,0,name@company.org,
832,eve,40.0,55000.0,Other,IT,Analyst,2019-12-01,2,email@example.com,123-456-7890
833,frank,30.0,,Female,Sales,Manager,2020-01-15,3,user@domain.com,098-765-4321
834,eve,40.0,,Other,Finance,Manager,2020-01-15,0,email@example.com,555-555-5555
835,frank,,65000.0,Female,HR,Analyst,2019-03-25,2,name@company.org,123-456-7890
836,frank,40.0,60000.0,Male,Marketing,Analyst,2020-02-20,4,user@domain.com,555-555-5555
837,grace,,65000.0,Female,Finance,Manager,2018-04-05,2,,
838,david,,,Female,Finance,Director,2020-01-15,2,,123-456-7890
839,hannah,,55000.0,Male,IT,Analyst,2018-04-05,2,,
840,grace,50.0,,Male,Marketing,Clerk,2018-04-05,1,,
841,ivy,,55000.0,Other,Sales,Assistant,2020-02-20,2,,
842,grace,,50000.0,Other,Finance,Manager,2019-03-25,2,,555-555-5555
843,charlie,30.0,70000.0,Male,Sales,Manager,2020-02-20,1,,
844,charlie,25.0,,Male,Finance,Assistant,2020-01-15,1,user@domain.com,098-765-4321
845,hannah,35.0,65000.0,Male,Sales,Director,2018-04-05,4,email@example.com,123-456-7890
846,eve,25.0,50000.0,Female,Marketing,Assistant,2020-02-20,3,email@example.com,098-765-4321
847,david,,70000.0,Female,IT,Analyst,2020-02-20,0,,555-555-5555
848,hannah,30.0,65000.0,Female,Marketing,Assistant,2020-02-20,0,,555-555-5555
849,frank,40.0,60000.0,Male,HR,Manager,2020-01-15,2,name@company.org,123-456-7890
850,bob,30.0,65000.0,Other,IT,Assistant,2019-03-25,4,,
851,david,,55000.0,Male,Marketing,Clerk,2020-02-20,2,,
852,david,30.0,55000.0,Female,HR,Analyst,2020-01-15,0,,555-555-5555
853,frank,30.0,60000.0,Female,Finance,Assistant,2018-04-05,1,user@domain.com,123-456-7890
854,frank,,50000.0,Male,Finance,Manager,2019-12-01,3,user@domain.com,
855,alice,50.0,70000.0,Male,Sales,Analyst,2020-01-15,4,email@example.com,
856,hannah,30.0,65000.0,Female,IT,Manager,2019-12-01,1,email@example.com,555-555-5555
857,frank,35.0,55000.0,Female,Finance,Director,2020-02-20,3,name@company.org,123-456-7890
858,charlie,35.0,50000.0,Female,IT,Clerk,2020-02-20,4,name@company.org,123-456-7890
859,ivy,30.0,60000.0,Male,Finance,Director,2020-01-15,4,name@company.org,123-456-7890
860,bob,50.0,,Female,Sales,Clerk,2019-12-01,0,name@company.org,555-555-5555
861,hannah,40.0,55000.0,Female,Marketing,Assistant,2020-02-20,1,,
862,jack,,60000.0,Other,Sales,Analyst,2018-04-05,4,,123-456-7890
863,charlie,35.0,65000.0,Male,HR,Assistant,2019-03-25,4,email@example.com,
864,eve,40.0,70000.0,Other,Finance,Clerk,2019-03-25,3,user@domain.com,123-456-7890
865,frank,30.0,55000.0,Other,HR,Clerk,2020-02-20,0,user@domain.com,
866,jack,40.0,55000.0,Female,HR,Clerk,2019-12-01,2,,555-555-5555
867,frank,25.0,65000.0,Male,IT,Manager,2020-02-20,0,,123-456-7890
868,david,35.0,,Female,Finance,Analyst,2019-12-01,2,name@company.org,123-456-7890
869,charlie,30.0,50000.0,Male,HR,Assistant,2018-04-05,1,name@company.org,
870,david,,70000.0,Other,Marketing,Assistant,2019-12-01,1,,
871,alice,50.0,55000.0,Male,HR,Director,2020-02-20,4,user@domain.com,123-456-7890
872,david,30.0,70000.0,Female,Marketing,Clerk,2018-04-05,1,name@company.org,123-456-7890
873,alice,,55000.0,Female,IT,Clerk,2020-01-15,4,user@domain.com,
874,alice,50.0,70000.0,Female,HR,Clerk,2019-03-25,0,,
875,jack,50.0,60000.0,Male,Sales,Assistant,2020-02-20,1,user@domain.com,098-765-4321
876,frank,30.0,55000.0,Other,IT,Director,2020-02-20,0,user@domain.com,098-765-4321
877,eve,40.0,70000.0,Other,Marketing,Manager,2020-02-20,0,user@domain.com,123-456-7890
878,david,40.0,50000.0,Male,IT,Analyst,2018-04-05,1,name@company.org,
879,charlie,50.0,60000.0,Female,HR,Manager,2020-01-15,0,email@example.com,555-555-5555
880,alice,40.0,60000.0,Other,Finance,Assistant,2019-12-01,1,,555-555-5555
881,frank,25.0,50000.0,Female,Finance,Clerk,2020-01-15,1,user@domain.com,098-765-4321
882,bob,50.0,70000.0,Male,Marketing,Analyst,2018-04-05,1,user@domain.com,
883,hannah,50.0,65000.0,Female,Marketing,Assistant,2020-02-20,2,user@domain.com,098-765-4321
884,jack,,50000.0,Other,Finance,Assistant,2019-03-25,0,email@example.com,123-456-7890
885,eve,40.0,70000.0,Other,Marketing,Assistant,2020-02-20,3,,
886,grace,50.0,50000.0,Female,IT,Analyst,2019-12-01,1,name@company.org,555-555-5555
887,jack,25.0,50000.0,Male,Sales,Analyst,2019-03-25,0,email@example.com,
888,bob,,55000.0,Female,Sales,Director,2020-02-20,4,user@domain.com,
889,hannah,30.0,70000.0,Male,IT,Director,2019-03-25,1,email@example.com,123-456-7890
890,bob,50.0,65000.0,Female,Sales,Manager,2020-01-15,1,email@example.com,098-765-4321
891,david,25.0,55000.0,Other,HR,Analyst,2018-04-05,3,email@example.com,123-456-7890
892,alice,35.0,50000.0,Male,IT,Analyst,2020-02-20,2,,
893,eve,25.0,,Male,Marketing,Analyst,2019-12-01,2,,555-555-5555
894,ivy,25.0,50000.0,Male,IT,Director,2020-01-15,1,name@company.org,
895,alice,,50000.0,Other,Finance,Assistant,2020-02-20,0,,
896,ivy,30.0,70000.0,Female,Marketing,Clerk,2020-01-15,4,,
897,hannah,35.0,70000.0,Other,Finance,Director,2019-12-01,4,,
898,frank,40.0,55000.0,Male,Marketing,Analyst,2020-02-20,0,,
899,grace,40.0,65000.0,Female,Sales,Director,2019-12-01,1,email@example.com,098-765-4321
900,charlie,25.0,55000.0,Other,IT,Manager,2019-03-25,4,email@example.com,
901,alice,,60000.0,Male,HR,Analyst,2019-12-01,2,user@domain.com,123-456-7890
902,eve,,50000.0,Male,Marketing,Manager,2019-03-25,0,,
903,bob,40.0,,Other,Marketing,Analyst,2020-02-20,3,user@domain.com,123-456-7890
904,eve,35.0,50000.0,Other,Finance,Director,2019-03-25,1,name@company.org,
905,hannah,30.0,50000.0,Other,Sales,Assistant,2020-02-20,0,email@example.com,
906,ivy,35.0,55000.0,Male,Finance,Clerk,2020-02-20,4,name@company.org,
907,bob,50.0,,Other,Finance,Manager,2018-04-05,1,,
908,charlie,50.0,,Male,Sales,Director,2020-02-20,2,email@example.com,098-765-4321
909,charlie,30.0,,Other,HR,Assistant,2019-03-25,1,name@company.org,
910,alice,40.0,55000.0,Male,Finance,Director,2018-04-05,1,,123-456-7890
911,hannah,30.0,50000.0,Male,Finance,Manager,2018-04-05,2,name@company.org,123-456-7890
912,frank,,55000.0,Female,Marketing,Clerk,2020-02-20,2,,
913,hannah,50.0,70000.0,Other,Sales,Director,2019-12-01,1,,098-765-4321
914,ivy,25.0,70000.0,Other,IT,Analyst,2019-12-01,2,email@example.com,098-765-4321
915,eve,25.0,55000.0,Male,HR,Assistant,2018-04-05,0,user@domain.com,098-765-4321
916,charlie,40.0,,Male,HR,Director,2020-02-20,2,,123-456-7890
917,eve,,50000.0,Male,Sales,Assistant,2019-12-01,2,,
918,eve,35.0,55000.0,Female,Marketing,Analyst,2020-02-20,1,email@example.com,098-765-4321
919,eve,,55000.0,Female,Marketing,Clerk,2020-02-20,0,user@domain.com,123-456-7890
920,charlie,25.0,55000.0,Male,Sales,Clerk,2018-04-05,3,,123-456-7890
921,jack,25.0,60000.0,Other,Marketing,Analyst,2018-04-05,3,,
922,david,50.0,70000.0,Other,HR,Assistant,2020-01-15,4,user@domain.com,
923,ivy,,,Female,HR,Director,2019-12-01,2,name@company.org,
924,jack,,65000.0,Female,IT,Analyst,2019-12-01,2,email@example.com,098-765-4321
925,ivy,25.0,,Male,Sales,Manager,2019-12-01,0,user@domain.com,098-765-4321
926,bob,35.0,65000.0,Other,Finance,Assistant,2019-03-25,3,,
927,hannah,40.0,60000.0,Male,Finance,Clerk,2020-02-20,4,,098-765-4321
928,hannah,40.0,55000.0,Female,IT,Analyst,2018-04-05,0,,
929,grace,,60000.0,Other,IT,Clerk,2019-12-01,2,,123-456-7890
930,hannah,40.0,60000.0,Other,Marketing,Assistant,2020-01-15,3,email@example.com,098-765-4321
931,charlie,25.0,50000.0,Female,IT,Clerk,2019-12-01,4,,123-456-7890
932,frank,25.0,70000.0,Male,IT,Analyst,2020-02-20,1,user@domain.com,555-555-5555
933,alice,,65000.0,Male,Finance,Assistant,2020-02-20,3,,
934,grace,,55000.0,Other,Marketing,Manager,2018-04-05,4,name@company.org,555-555-5555
935,alice,50.0,65000.0,Female,IT,Analyst,2019-03-25,0,user@domain.com,098-765-4321
936,ivy,,,Other,IT,Director,2018-04-05,1,email@example.com,123-456-7890
937,alice,35.0,65000.0,Female,Marketing,Analyst,2019-12-01,4,user@domain.com,098-765-4321
938,alice,40.0,,Male,Sales,Assistant,2020-01-15,4,name@company.org,555-555-5555
939,grace,,70000.0,Female,Marketing,Analyst,2018-04-05,2,email@example.com,098-765-4321
940,bob,30.0,,Male,Finance,Manager,2019-03-25,3,,
941,eve,50.0,65000.0,Female,Sales,Manager,2018-04-05,2,name@company.org,555-555-5555
942,hannah,30.0,65000.0,Other,HR,Director,2020-02-20,1,email@example.com,098-765-4321
943,hannah,25.0,,Male,Marketing,Clerk,2019-12-01,4,,123-456-7890
944,charlie,40.0,60000.0,Other,Finance,Assistant,2019-12-01,2,user@domain.com,098-765-4321
945,grace,,70000.0,Other,Sales,Assistant,2019-12-01,3,email@example.com,123-456-7890
946,charlie,30.0,50000.0,Male,Marketing,Clerk,2019-12-01,1,user@domain.com,
947,frank,40.0,55000.0,Male,IT,Manager,2019-12-01,0,,098-765-4321
948,frank,25.0,65000.0,Other,Marketing,Manager,2019-12-01,2,email@example.com,
949,charlie,35.0,55000.0,Other,HR,Analyst,2020-01-15,1,,555-555-5555
950,grace,50.0,50000.0,Other,Marketing,Director,2019-03-25,0,name@company.org,123-456-7890
951,charlie,40.0,55000.0,Other,Sales,Director,2019-12-01,2,email@example.com,555-555-5555
952,hannah,40.0,50000.0,Male,Sales,Director,2019-03-25,1,,123-456-7890
953,jack,35.0,,Male,Marketing,Analyst,2019-12-01,1,email@example.com,
954,david,40.0,60000.0,Other,Sales,Director,2018-04-05,2,user@domain.com,
955,alice,25.0,65000.0,Female,IT,Clerk,2019-12-01,1,email@example.com,098-765-4321
956,david,25.0,50000.0,Female,Marketing,Analyst,2020-02-20,4,,
957,grace,35.0,55000.0,Male,IT,Clerk,2020-01-15,2,email@example.com,123-456-7890
958,david,50.0,65000.0,Other,IT,Analyst,2018-04-05,1,name@company.org,123-456-7890
959,frank,,60000.0,Other,Finance,Director,2018-04-05,0,email@example.com,123-456-7890
960,ivy,30.0,,Male,Marketing,Clerk,2020-02-20,0,user@domain.com,123-456-7890
961,alice,,65000.0,Female,Sales,Clerk,2019-12-01,4,email@example.com,098-765-4321
962,eve,40.0,50000.0,Female,IT,Clerk,2020-01-15,2,,555-555-5555
963,grace,30.0,60000.0,Female,Finance,Analyst,2018-04-05,1,,
964,alice,35.0,55000.0,Male,Marketing,Assistant,2020-01-15,1,email@example.com,098-765-4321
965,david,35.0,60000.0,Female,Marketing,Director,2018-04-05,0,email@example.com,123-456-7890
966,frank,50.0,60000.0,Male,HR,Clerk,2019-12-01,4,name@company.org,098-765-4321
967,bob,30.0,70000.0,Male,HR,Assistant,2018-04-05,0,,
968,jack,25.0,60000.0,Other,IT,Director,2018-04-05,0,,123-456-7890
969,eve,30.0,60000.0,Female,HR,Director,2019-03-25,4,user@domain.com,
970,jack,40.0,65000.0,Male,IT,Clerk,2019-12-01,2,email@example.com,123-456-7890
971,alice,25.0,55000.0,Female,Sales,Clerk,2020-02-20,1,,
972,frank,35.0,65000.0,Female,IT,Analyst,2020-02-20,2,user@domain.com,
973,frank,30.0,65000.0,Other,HR,Assistant,2019-12-01,3,,555-555-5555
974,david,,50000.0,Female,Sales,Assistant,2020-02-20,3,,555-555-5555
975,hannah,50.0,65000.0,Other,HR,Clerk,2019-12-01,3,,098-765-4321
976,david,,70000.0,Male,IT,Director,2020-02-20,4,user@domain.com,098-765-4321
977,hannah,50.0,70000.0,Female,Finance,Clerk,2019-03-25,0,,
978,hannah,40.0,50000.0,Male,Marketing,Director,2020-02-20,2,,123-456-7890
979,eve,,,Female,HR,Director,2018-04-05,1,,
980,david,30.0,55000.0,Male,IT,Clerk,2019-12-01,3,,
981,bob,30.0,55000.0,Female,Sales,Manager,2020-01-15,2,,123-456-7890
982,charlie,,65000.0,Female,HR,Assistant,2020-01-15,3,name@company.org,123-456-7890
983,charlie,30.0,65000.0,Female,HR,Director,2019-12-01,3,user@domain.com,555-555-5555
984,david,40.0,,Female,Marketing,Director,2019-03-25,1,,
985,david,25.0,65000.0,Female,IT,Manager,2020-02-20,4,,
986,jack,40.0,55000.0,Female,Finance,Analyst,2019-03-25,0,user@domain.com,098-765-4321
987,eve,50.0,60000.0,Female,Sales,Manager,2020-01-15,4,user@domain.com,555-555-5555
988,david,40.0,70000.0,Female,IT,Manager,2019-12-01,2,user@domain.com,
989,jack,50.0,60000.0,Female,Sales,Director,2019-12-01,4,user@domain.com,123-456-7890
990,hannah,30.0,60000.0,Male,HR,Assistant,2019-03-25,2,email@example.com,
991,frank,25.0,55000.0,Other,Marketing,Manager,2019-03-25,2,,
992,frank,30.0,60000.0,Female,Marketing,Analyst,2020-02-20,0,email@example.com,555-555-5555
993,hannah,35.0,,Other,Finance,Clerk,2018-04-05,1,,123-456-7890
994,grace,30.0,50000.0,Female,Marketing,Manager,2018-04-05,0,,
995,jack,50.0,65000.0,Female,HR,Manager,2020-02-20,4,,098-765-4321
996,jack,30.0,50000.0,Male,Finance,Analyst,2018-04-05,2,,555-555-5555
997,hannah,30.0,70000.0,Male,IT,Assistant,2020-01-15,3,user@domain.com,
998,bob,25.0,65000.0,Other,Marketing,Manager,2018-04-05,3,email@example.com,
999,ivy,30.0,60000.0,Male,Finance,Manager,2020-02-20,2,user@domain.com,123-456-7890
